$\mu / t$,0.0,1.0101010101010102,2.0202020202020203,3.0303030303030303,4.040404040404041,5.050505050505051,6.0606060606060606,7.070707070707071,8.080808080808081,9.090909090909092,10.101010101010102,11.111111111111112,12.121212121212121,13.131313131313131,14.141414141414142,15.151515151515152,16.161616161616163,17.171717171717173,18.181818181818183,19.191919191919194,20.202020202020204,21.212121212121215,22.222222222222225,23.232323232323235,24.242424242424242,25.252525252525253,26.262626262626263,27.272727272727273,28.282828282828284,29.292929292929294,30.303030303030305,31.313131313131315,32.323232323232325,33.333333333333336,34.343434343434346,35.35353535353536,36.36363636363637,37.37373737373738,38.38383838383839,39.3939393939394,40.40404040404041,41.41414141414142,42.42424242424243,43.43434343434344,44.44444444444445,45.45454545454546,46.46464646464647,47.47474747474748,48.484848484848484,49.494949494949495,50.505050505050505,51.515151515151516,52.525252525252526,53.535353535353536,54.54545454545455,55.55555555555556,56.56565656565657,57.57575757575758,58.58585858585859,59.5959595959596,60.60606060606061,61.61616161616162,62.62626262626263,63.63636363636364,64.64646464646465,65.65656565656566,66.66666666666667,67.67676767676768,68.68686868686869,69.6969696969697,70.70707070707071,71.71717171717172,72.72727272727273,73.73737373737374,74.74747474747475,75.75757575757576,76.76767676767678,77.77777777777779,78.7878787878788,79.7979797979798,80.80808080808082,81.81818181818183,82.82828282828284,83.83838383838385,84.84848484848486,85.85858585858587,86.86868686868688,87.87878787878789,88.8888888888889,89.89898989898991,90.90909090909092,91.91919191919193,92.92929292929294,93.93939393939395,94.94949494949496,95.95959595959597,96.96969696969697,97.97979797979798,98.98989898989899,100.0
-2.5,0.0,0.0,0.0,0.0,0.0,0.0,0.0,0.0,0.0,0.0,0.0,0.0,0.0,0.0,0.0,0.0,0.0,0.0,0.0,0.0,0.0,0.0,0.0,0.0,0.0,0.0,0.0,0.0,0.0,0.0,0.0,0.0,0.0,0.0,0.0,0.0,0.0,0.0,0.0,0.0,0.0,0.0,0.0,0.0,0.0,0.0,0.0,0.0,0.0,0.0,0.0,0.0,0.0,0.0,0.0,0.0,0.0,0.0,0.0,0.0,0.0,0.0,0.0,0.0,0.0,0.0,0.0,0.0,0.0,0.0,0.0,0.0,0.0,0.0,0.0,0.0,0.0,0.0,0.0,0.0,0.0,0.0,0.0,0.0,0.0,0.0,0.0,0.0,0.0,0.0,0.0,0.0,0.0,0.0,0.0,0.0,0.0,0.0,0.0,0.0
-2.4494949494949494,0.0,0.0,0.0,0.0,0.0,0.0,0.0,0.0,0.0,0.0,0.0,0.0,0.0,0.0,0.0,0.0,0.0,0.0,0.0,0.0,0.0,0.0,0.0,0.0,0.0,0.0,0.0,0.0,0.0,0.0,0.0,0.0,0.0,0.0,0.0,0.0,0.0,0.0,0.0,0.0,0.0,0.0,0.0,0.0,0.0,0.0,0.0,0.0,0.0,0.0,0.0,0.0,0.0,0.0,0.0,0.0,0.0,0.0,0.0,0.0,0.0,0.0,0.0,0.0,0.0,0.0,0.0,0.0,0.0,0.0,0.0,0.0,0.0,0.0,0.0,0.0,0.0,0.0,0.0,0.0,0.0,0.0,0.0,0.0,0.0,0.0,0.0,0.0,0.0,0.0,0.0,0.0,0.0,0.0,0.0,0.0,0.0,0.0,0.0,0.0
-2.398989898989899,0.0,0.0,0.0,0.0,0.0,0.0,0.0,0.0,0.0,0.0,0.0,0.0,0.0,0.0,0.0,0.0,0.0,0.0,0.0,0.0,0.0,0.0,0.0,0.0,0.0,0.0,0.0,0.0,0.0,0.0,0.0,0.0,0.0,0.0,0.0,0.0,0.0,0.0,0.0,0.0,0.0,0.0,0.0,0.0,0.0,0.0,0.0,0.0,0.0,0.0,0.0,0.0,0.0,0.0,0.0,0.0,0.0,0.0,0.0,0.0,0.0,0.0,0.0,0.0,0.0,0.0,0.0,0.0,0.0,0.0,0.0,0.0,0.0,0.0,0.0,0.0,0.0,0.0,0.0,0.0,0.0,0.0,0.0,0.0,0.0,0.0,0.0,0.0,0.0,0.0,0.0,0.0,0.0,0.0,0.0,0.0,0.0,0.0,0.0,0.0
-2.3484848484848486,0.0,0.0,0.0,0.0,0.0,0.0,0.0,0.0,0.0,0.0,0.0,0.0,0.0,0.0,0.0,0.0,0.0,0.0,0.0,0.0,0.0,0.0,0.0,0.0,0.0,0.0,0.0,0.0,0.0,0.0,0.0,0.0,0.0,0.0,0.0,0.0,0.0,0.0,0.0,0.0,0.0,0.0,0.0,0.0,0.0,0.0,0.0,0.0,0.0,0.0,0.0,0.0,0.0,0.0,0.0,0.0,0.0,0.0,0.0,0.0,0.0,0.0,0.0,0.0,0.0,0.0,0.0,0.0,0.0,0.0,0.0,0.0,0.0,0.0,0.0,0.0,0.0,0.0,0.0,0.0,0.0,0.0,0.0,0.0,0.0,0.0,0.0,0.0,0.0,0.0,0.0,0.0,0.0,0.0,0.0,0.0,0.0,0.0,0.0,0.0
-2.297979797979798,0.0,0.0,0.0,0.0,0.0,0.0,0.0,0.0,0.0,0.0,0.0,0.0,0.0,0.0,0.0,0.0,0.0,0.0,0.0,0.0,0.0,0.0,0.0,0.0,0.0,0.0,0.0,0.0,0.0,0.0,0.0,0.0,0.0,0.0,0.0,0.0,0.0,0.0,0.0,0.0,0.0,0.0,0.0,0.0,0.0,0.0,0.0,0.0,0.0,0.0,0.0,0.0,0.0,0.0,0.0,0.0,0.0,0.0,0.0,0.0,0.0,0.0,0.0,0.0,0.0,0.0,0.0,0.0,0.0,0.0,0.0,0.0,0.0,0.0,0.0,0.0,0.0,0.0,0.0,0.0,0.0,0.0,0.0,0.0,0.0,0.0,0.0,0.0,0.0,0.0,0.0,0.0,0.0,0.0,0.0,0.0,0.0,0.0,0.0,0.0
-2.2474747474747474,0.0,0.0,0.0,0.0,0.0,0.0,0.0,0.0,0.0,0.0,0.0,0.0,0.0,0.0,0.0,0.0,0.0,0.0,0.0,0.0,0.0,0.0,0.0,0.0,0.0,0.0,0.0,0.0,0.0,0.0,0.0,0.0,0.0,0.0,0.0,0.0,0.0,0.0,0.0,0.0,0.0,0.0,0.0,0.0,0.0,0.0,0.0,0.0,0.0,0.0,0.0,0.0,0.0,0.0,0.0,0.0,0.0,0.0,0.0,0.0,0.0,0.0,0.0,0.0,0.0,0.0,0.0,0.0,0.0,0.0,0.0,0.0,0.0,0.0,0.0,0.0,0.0,0.0,0.0,0.0,0.0,0.0,0.0,0.0,0.0,0.0,0.0,0.0,0.0,0.0,0.0,0.0,0.0,0.0,0.0,0.0,0.0,0.0,0.0,0.0
-2.196969696969697,0.0,0.0,0.0,0.0,0.0,0.0,0.0,0.0,0.0,0.0,0.0,0.0,0.0,0.0,0.0,0.0,0.0,0.0,0.0,0.0,0.0,0.0,0.0,0.0,0.0,0.0,0.0,0.0,0.0,0.0,0.0,0.0,0.0,0.0,0.0,0.0,0.0,0.0,0.0,0.0,0.0,0.0,0.0,0.0,0.0,0.0,0.0,0.0,0.0,0.0,0.0,0.0,0.0,0.0,0.0,0.0,0.0,0.0,0.0,0.0,0.0,0.0,0.0,0.0,0.0,0.0,0.0,0.0,0.0,0.0,0.0,0.0,0.0,0.0,0.0,0.0,0.0,0.0,0.0,0.0,0.0,0.0,0.0,0.0,0.0,0.0,0.0,0.0,0.0,0.0,0.0,0.0,0.0,0.0,0.0,0.0,0.0,0.0,0.0,0.0
-2.1464646464646466,0.0,0.0,0.0,0.0,0.0,0.0,0.0,0.0,0.0,0.0,0.0,0.0,0.0,0.0,0.0,0.0,0.0,0.0,0.0,0.0,0.0,0.0,0.0,0.0,0.0,0.0,0.0,0.0,0.0,0.0,0.0,0.0,0.0,0.0,0.0,0.0,0.0,0.0,0.0,0.0,0.0,0.0,0.0,0.0,0.0,0.0,0.0,0.0,0.0,0.0,0.0,0.0,0.0,0.0,0.0,0.0,0.0,0.0,0.0,0.0,0.0,0.0,0.0,0.0,0.0,0.0,0.0,0.0,0.0,0.0,0.0,0.0,0.0,0.0,0.0,0.0,0.0,0.0,0.0,0.0,0.0,0.0,0.0,0.0,0.0,0.0,0.0,0.0,0.0,0.0,0.0,0.0,0.0,0.0,0.0,0.0,0.0,0.0,0.0,0.0
-2.095959595959596,0.0,0.0,0.0,0.0,0.0,0.0,0.0,0.0,0.0,0.0,0.0,0.0,0.0,0.0,0.0,0.0,0.0,0.0,0.0,0.0,0.0,0.0,0.0,0.0,0.0,0.0,0.0,0.0,0.0,0.0,0.0,0.0,0.0,0.0,0.0,0.0,0.0,0.0,0.0,0.0,0.0,0.0,0.0,0.0,0.0,0.0,0.0,0.0,0.0,0.0,0.0,0.0,0.0,0.0,0.0,0.0,0.0,0.0,0.0,0.0,0.0,0.0,0.0,0.0,0.0,0.0,0.0,0.0,0.0,0.0,0.0,0.0,0.0,0.0,0.0,0.0,0.0,0.0,0.0,0.0,0.0,0.0,0.0,0.0,0.0,0.0,0.0,0.0,0.0,0.0,0.0,0.0,0.0,0.0,0.0,0.0,0.0,0.0,0.0,0.0
-2.0454545454545454,0.0,0.0,0.0,0.0,0.0,0.0,0.0,0.0,0.0,0.0,0.0,0.0,0.0,0.0,0.0,0.0,0.0,0.0,0.0,0.0,0.0,0.0,0.0,0.0,0.0,0.0,0.0,0.0,0.0,0.0,0.0,0.0,0.0,0.0,0.0,0.0,0.0,0.0,0.0,0.0,0.0,0.0,0.0,0.0,0.0,0.0,0.0,0.0,0.0,0.0,0.0,0.0,0.0,0.0,0.0,0.0,0.0,0.0,0.0,0.0,0.0,0.0,0.0,0.0,0.0,0.0,0.0,0.0,0.0,0.0,0.0,0.0,0.0,0.0,0.0,0.0,0.0,0.0,0.0,0.0,0.0,0.0,0.0,0.0,0.0,0.0,0.0,0.0,0.0,0.0,0.0,0.0,0.0,0.0,0.0,0.0,0.0,0.0,0.0,0.0
-1.9949494949494948,0.0,0.0,0.0,0.0,0.0,0.0,0.0,0.0,0.0,0.0,0.0,0.0,0.0,0.0,0.0,0.0,0.0,0.0,0.0,0.0,0.0,0.0,0.0,0.0,0.0,0.0,0.0,0.0,0.0,0.0,0.0,0.0,0.0,0.0,0.0,0.0,0.0,0.0,0.0,0.0,0.0,0.0,0.0,0.0,0.0,0.0,0.0,0.0,0.0,0.0,0.0,0.0,0.0,0.0,0.0,0.0,0.0,0.0,0.0,0.0,0.0,0.0,0.0,0.0,0.0,0.0,0.0,0.0,0.0,0.0,0.0,0.0,0.0,0.0,0.0,0.0,0.0,0.0,0.0,0.0,0.0,0.0,0.0,0.0,0.0,0.0,0.0,0.0,0.0,0.0,0.0,0.0,0.0,0.0,0.0,0.0,0.0,0.0,0.0,0.0
-1.9444444444444444,0.0,0.0,0.0,0.0,0.0,0.0,0.0,0.0,0.0,0.0,0.0,0.0,0.0,0.0,0.0,0.0,0.0,0.0,0.0,0.0,0.0,0.0,0.0,0.0,0.0,0.0,0.0,0.0,0.0,0.0,0.0,0.0,0.0,0.0,0.0,0.0,0.0,0.0,0.0,0.0,0.0,0.0,0.0,0.0,0.0,0.0,0.0,0.0,0.0,0.0,0.0,0.0,0.0,0.0,0.0,0.0,0.0,0.0,0.0,0.0,0.0,0.0,0.0,0.0,0.0,0.0,0.0,0.0,0.0,0.0,0.0,0.0,0.0,0.0,0.0,0.0,0.0,0.0,0.0,0.0,0.0,0.0,0.0,0.0,0.0,0.0,0.0,0.0,0.0,0.0,0.0,0.0,0.0,0.0,0.0,0.0,0.0,0.0,0.0,0.0
-1.893939393939394,0.0,0.0,0.0,0.0,0.0,0.0,0.0,0.0,0.0,0.0,0.0,0.0,0.0,0.0,0.0,0.0,0.0,0.0,0.0,0.0,0.0,0.0,0.0,0.0,0.0,0.0,0.0,0.0,0.0,0.0,0.0,0.0,0.0,0.0,0.0,0.0,0.0,0.0,0.0,0.0,0.0,0.0,0.0,0.0,0.0,0.0,0.0,0.0,0.0,0.0,0.0,0.0,0.0,0.0,0.0,0.0,0.0,0.0,0.0,0.0,0.0,0.0,0.0,0.0,0.0,0.0,0.0,0.0,0.0,0.0,0.0,0.0,0.0,0.0,0.0,0.0,0.0,0.0,0.0,0.0,0.0,0.0,0.0,0.0,0.0,0.0,0.0,0.0,0.0,0.0,0.0,0.0,0.0,0.0,0.0,0.0,0.0,0.0,0.0,0.0
-1.8434343434343434,0.0,0.0,0.0,0.0,0.0,0.0,0.0,0.0,0.0,0.0,0.0,0.0,0.0,0.0,0.0,0.0,0.0,0.0,0.0,0.0,0.0,0.0,0.0,0.0,0.0,0.0,0.0,0.0,0.0,0.0,0.0,0.0,0.0,0.0,0.0,0.0,0.0,0.0,0.0,0.0,0.0,0.0,0.0,0.0,0.0,0.0,0.0,0.0,0.0,0.0,0.0,0.0,0.0,0.0,0.0,0.0,0.0,0.0,0.0,0.0,0.0,0.0,0.0,0.0,0.0,0.0,0.0,0.0,0.0,0.0,0.0,0.0,0.0,0.0,0.0,0.0,0.0,0.0,0.0,0.0,0.0,0.0,0.0,0.0,0.0,0.0,0.0,0.0,0.0,0.0,0.0,0.0,0.0,0.0,0.0,0.0,0.0,0.0,0.0,0.0
-1.7929292929292928,0.0,0.0,0.0,0.0,0.0,0.0,0.0,0.0,0.0,0.0,0.0,0.0,0.0,0.0,0.0,0.0,0.0,0.0,0.0,0.0,0.0,0.0,0.0,0.0,0.0,0.0,0.0,0.0,0.0,0.0,0.0,0.0,0.0,0.0,0.0,0.0,0.0,0.0,0.0,0.0,0.0,0.0,0.0,0.0,0.0,0.0,0.0,0.0,0.0,0.0,0.0,0.0,0.0,0.0,0.0,0.0,0.0,0.0,0.0,0.0,0.0,0.0,0.0,0.0,0.0,0.0,0.0,0.0,0.0,0.0,0.0,0.0,0.0,0.0,0.0,0.0,0.0,0.0,0.0,0.0,0.0,0.0,0.0,0.0,0.0,0.0,0.0,0.0,0.0,0.0,0.0,0.0,0.0,0.0,0.0,0.0,0.0,0.0,0.0,0.0
-1.7424242424242424,0.0,0.0,0.0,0.0,0.0,0.0,0.0,0.0,0.0,0.0,0.0,0.0,0.0,0.0,0.0,0.0,0.0,0.0,0.0,0.0,0.0,0.0,0.0,0.0,0.0,0.0,0.0,0.0,0.0,0.0,0.0,0.0,0.0,0.0,0.0,0.0,0.0,0.0,0.0,0.0,0.0,0.0,0.0,0.0,0.0,0.0,0.0,0.0,0.0,0.0,0.0,0.0,0.0,0.0,0.0,0.0,0.0,0.0,0.0,0.0,0.0,0.0,0.0,0.0,0.0,0.0,0.0,0.0,0.0,0.0,0.0,0.0,0.0,0.0,0.0,0.0,0.0,0.0,0.0,0.0,0.0,0.0,0.0,0.0,0.0,0.0,0.0,0.0,0.0,0.0,0.0,0.0,0.0,0.0,0.0,0.0,0.0,3636.3636363636365,4363.636363636364,4848.484848484849
-1.691919191919192,0.0,0.0,0.0,0.0,0.0,0.0,0.0,0.0,0.0,0.0,0.0,0.0,0.0,0.0,0.0,0.0,0.0,0.0,0.0,0.0,0.0,0.0,0.0,0.0,0.0,0.0,0.0,0.0,0.0,0.0,0.0,0.0,0.0,0.0,0.0,0.0,0.0,0.0,0.0,0.0,0.0,0.0,0.0,0.0,0.0,0.0,0.0,0.0,0.0,0.0,0.0,0.0,0.0,0.0,0.0,0.0,0.0,0.0,0.0,0.0,0.0,0.0,0.0,0.0,0.0,0.0,0.0,0.0,0.0,0.0,0.0,0.0,0.0,0.0,0.0,0.0,0.0,0.0,0.0,0.0,0.0,0.0,0.0,0.0,0.0,0.0,0.0,0.0,0.0,0.0,0.0,0.0,0.0,0.0,3393.939393939394,4121.212121212121,4606.060606060606,4969.69696969697,5333.333333333334,5575.757575757576
-1.6414141414141414,0.0,0.0,0.0,0.0,0.0,0.0,0.0,0.0,0.0,0.0,0.0,0.0,0.0,0.0,0.0,0.0,0.0,0.0,0.0,0.0,0.0,0.0,0.0,0.0,0.0,0.0,0.0,0.0,0.0,0.0,0.0,0.0,0.0,0.0,0.0,0.0,0.0,0.0,0.0,0.0,0.0,0.0,0.0,0.0,0.0,0.0,0.0,0.0,0.0,0.0,0.0,0.0,0.0,0.0,0.0,0.0,0.0,0.0,0.0,0.0,0.0,0.0,0.0,0.0,0.0,0.0,0.0,0.0,0.0,0.0,0.0,0.0,0.0,0.0,0.0,0.0,0.0,0.0,0.0,0.0,0.0,0.0,0.0,0.0,0.0,0.0,0.0,0.0,0.0,0.0,0.0,3030.3030303030305,3878.787878787879,4363.636363636364,4848.484848484849,5090.909090909091,5454.545454545455,5696.969696969697,5939.39393939394,6181.818181818182
-1.5909090909090908,0.0,0.0,0.0,0.0,0.0,0.0,0.0,0.0,0.0,0.0,0.0,0.0,0.0,0.0,0.0,0.0,0.0,0.0,0.0,0.0,0.0,0.0,0.0,0.0,0.0,0.0,0.0,0.0,0.0,0.0,0.0,0.0,0.0,0.0,0.0,0.0,0.0,0.0,0.0,0.0,0.0,0.0,0.0,0.0,0.0,0.0,0.0,0.0,0.0,0.0,0.0,0.0,0.0,0.0,0.0,0.0,0.0,0.0,0.0,0.0,0.0,0.0,0.0,0.0,0.0,0.0,0.0,0.0,0.0,0.0,0.0,0.0,0.0,0.0,0.0,0.0,0.0,0.0,0.0,0.0,0.0,0.0,0.0,0.0,0.0,0.0,0.0,0.0,2545.4545454545455,3636.3636363636365,4242.424242424243,4606.060606060606,4969.69696969697,5212.121212121212,5454.545454545455,5696.969696969697,5939.39393939394,6181.818181818182,6424.242424242425,6545.454545454546
-1.5404040404040404,0.0,0.0,0.0,0.0,0.0,0.0,0.0,0.0,0.0,0.0,0.0,0.0,0.0,0.0,0.0,0.0,0.0,0.0,0.0,0.0,0.0,0.0,0.0,0.0,0.0,0.0,0.0,0.0,0.0,0.0,0.0,0.0,0.0,0.0,0.0,0.0,0.0,0.0,0.0,0.0,0.0,0.0,0.0,0.0,0.0,0.0,0.0,0.0,0.0,0.0,0.0,0.0,0.0,0.0,0.0,0.0,0.0,0.0,0.0,0.0,0.0,0.0,0.0,0.0,0.0,0.0,0.0,0.0,0.0,0.0,0.0,0.0,0.0,0.0,0.0,0.0,0.0,0.0,0.0,0.0,0.0,0.0,0.0,0.0,0.0,0.0,3515.1515151515155,4000.0,4484.848484848485,4727.272727272728,5090.909090909091,5333.333333333334,5575.757575757576,5818.181818181818,6060.606060606061,6181.818181818182,6424.242424242425,6666.666666666667,6787.878787878788,7030.303030303031
-1.4898989898989898,0.0,0.0,0.0,0.0,0.0,0.0,0.0,0.0,0.0,0.0,0.0,0.0,0.0,0.0,0.0,0.0,0.0,0.0,0.0,0.0,0.0,0.0,0.0,0.0,0.0,0.0,0.0,0.0,0.0,0.0,0.0,0.0,0.0,0.0,0.0,0.0,0.0,0.0,0.0,0.0,0.0,0.0,0.0,0.0,0.0,0.0,0.0,0.0,0.0,0.0,0.0,0.0,0.0,0.0,0.0,0.0,0.0,0.0,0.0,0.0,0.0,0.0,0.0,0.0,0.0,0.0,0.0,0.0,0.0,0.0,0.0,0.0,0.0,0.0,0.0,0.0,0.0,0.0,0.0,0.0,0.0,0.0,0.0,3151.5151515151515,3878.787878787879,4242.424242424243,4606.060606060606,4848.484848484849,5090.909090909091,5333.333333333334,5575.757575757576,5818.181818181818,6060.606060606061,6181.818181818182,6424.242424242425,6666.666666666667,6787.878787878788,7030.303030303031,7151.515151515152,7272.727272727273
-1.4393939393939394,0.0,0.0,0.0,0.0,0.0,0.0,0.0,0.0,0.0,0.0,0.0,0.0,0.0,0.0,0.0,0.0,0.0,0.0,0.0,0.0,0.0,0.0,0.0,0.0,0.0,0.0,0.0,0.0,0.0,0.0,0.0,0.0,0.0,0.0,0.0,0.0,0.0,0.0,0.0,0.0,0.0,0.0,0.0,0.0,0.0,0.0,0.0,0.0,0.0,0.0,0.0,0.0,0.0,0.0,0.0,0.0,0.0,0.0,0.0,0.0,0.0,0.0,0.0,0.0,0.0,0.0,0.0,0.0,0.0,0.0,0.0,0.0,0.0,0.0,0.0,0.0,0.0,0.0,0.0,0.0,2909.090909090909,3636.3636363636365,4000.0,4363.636363636364,4727.272727272728,4969.69696969697,5212.121212121212,5454.545454545455,5696.969696969697,5818.181818181818,6060.606060606061,6303.030303030303,6424.242424242425,6666.666666666667,6787.878787878788,6909.090909090909,7151.515151515152,7272.727272727273,7393.939393939394,7636.363636363637
-1.3888888888888888,0.0,0.0,0.0,0.0,0.0,0.0,0.0,0.0,0.0,0.0,0.0,0.0,0.0,0.0,0.0,0.0,0.0,0.0,0.0,0.0,0.0,0.0,0.0,0.0,0.0,0.0,0.0,0.0,0.0,0.0,0.0,0.0,0.0,0.0,0.0,0.0,0.0,0.0,0.0,0.0,0.0,0.0,0.0,0.0,0.0,0.0,0.0,0.0,0.0,0.0,0.0,0.0,0.0,0.0,0.0,0.0,0.0,0.0,0.0,0.0,0.0,0.0,0.0,0.0,0.0,0.0,0.0,0.0,0.0,0.0,0.0,0.0,0.0,0.0,0.0,0.0,0.0,2545.4545454545455,3393.939393939394,3878.787878787879,4242.424242424243,4484.848484848485,4848.484848484849,5090.909090909091,5212.121212121212,5454.545454545455,5696.969696969697,5939.39393939394,6060.606060606061,6303.030303030303,6424.242424242425,6545.454545454546,6787.878787878788,6909.090909090909,7151.515151515152,7272.727272727273,7393.939393939394,7515.151515151516,7757.575757575758,7878.787878787879
-1.3383838383838385,0.0,0.0,0.0,0.0,0.0,0.0,0.0,0.0,0.0,0.0,0.0,0.0,0.0,0.0,0.0,0.0,0.0,0.0,0.0,0.0,0.0,0.0,0.0,0.0,0.0,0.0,0.0,0.0,0.0,0.0,0.0,0.0,0.0,0.0,0.0,0.0,0.0,0.0,0.0,0.0,0.0,0.0,0.0,0.0,0.0,0.0,0.0,0.0,0.0,0.0,0.0,0.0,0.0,0.0,0.0,0.0,0.0,0.0,0.0,0.0,0.0,0.0,0.0,0.0,0.0,0.0,0.0,0.0,0.0,0.0,0.0,0.0,0.0,0.0,1939.3939393939395,3151.5151515151515,3636.3636363636365,4000.0,4363.636363636364,4606.060606060606,4848.484848484849,5090.909090909091,5333.333333333334,5454.545454545455,5696.969696969697,5939.39393939394,6060.606060606061,6303.030303030303,6424.242424242425,6545.454545454546,6787.878787878788,6909.090909090909,7030.303030303031,7272.727272727273,7393.939393939394,7515.151515151516,7636.363636363637,7757.575757575758,8000.0,8121.212121212122
-1.2878787878787878,0.0,0.0,0.0,0.0,0.0,0.0,0.0,0.0,0.0,0.0,0.0,0.0,0.0,0.0,0.0,0.0,0.0,0.0,0.0,0.0,0.0,0.0,0.0,0.0,0.0,0.0,0.0,0.0,0.0,0.0,0.0,0.0,0.0,0.0,0.0,0.0,0.0,0.0,0.0,0.0,0.0,0.0,0.0,0.0,0.0,0.0,0.0,0.0,0.0,0.0,0.0,0.0,0.0,0.0,0.0,0.0,0.0,0.0,0.0,0.0,0.0,0.0,0.0,0.0,0.0,0.0,0.0,0.0,0.0,0.0,0.0,0.0,2909.090909090909,3515.1515151515155,3878.787878787879,4121.212121212121,4484.848484848485,4727.272727272728,4969.69696969697,5090.909090909091,5333.333333333334,5575.757575757576,5696.969696969697,5939.39393939394,6060.606060606061,6181.818181818182,6424.242424242425,6545.454545454546,6666.666666666667,6909.090909090909,7030.303030303031,7151.515151515152,7272.727272727273,7515.151515151516,7636.363636363637,7757.575757575758,7878.787878787879,8000.0,8242.424242424242,8363.636363636364
-1.2373737373737375,0.0,0.0,0.0,0.0,0.0,0.0,0.0,0.0,0.0,0.0,0.0,0.0,0.0,0.0,0.0,0.0,0.0,0.0,0.0,0.0,0.0,0.0,0.0,0.0,0.0,0.0,0.0,0.0,0.0,0.0,0.0,0.0,0.0,0.0,0.0,0.0,0.0,0.0,0.0,0.0,0.0,0.0,0.0,0.0,0.0,0.0,0.0,0.0,0.0,0.0,0.0,0.0,0.0,0.0,0.0,0.0,0.0,0.0,0.0,0.0,0.0,0.0,0.0,0.0,0.0,0.0,0.0,0.0,0.0,2666.666666666667,3272.727272727273,3636.3636363636365,4000.0,4242.424242424243,4484.848484848485,4727.272727272728,4969.69696969697,5090.909090909091,5333.333333333334,5575.757575757576,5696.969696969697,5818.181818181818,6060.606060606061,6181.818181818182,6424.242424242425,6545.454545454546,6666.666666666667,6787.878787878788,7030.303030303031,7151.515151515152,7272.727272727273,7393.939393939394,7515.151515151516,7757.575757575758,7878.787878787879,8000.0,8121.212121212122,8242.424242424242,8363.636363636364,8484.848484848486
-1.1868686868686869,0.0,0.0,0.0,0.0,0.0,0.0,0.0,0.0,0.0,0.0,0.0,0.0,0.0,0.0,0.0,0.0,0.0,0.0,0.0,0.0,0.0,0.0,0.0,0.0,0.0,0.0,0.0,0.0,0.0,0.0,0.0,0.0,0.0,0.0,0.0,0.0,0.0,0.0,0.0,0.0,0.0,0.0,0.0,0.0,0.0,0.0,0.0,0.0,0.0,0.0,0.0,0.0,0.0,0.0,0.0,0.0,0.0,0.0,0.0,0.0,0.0,0.0,0.0,0.0,0.0,0.0,2424.2424242424245,3151.5151515151515,3515.1515151515155,3757.575757575758,4121.212121212121,4363.636363636364,4606.060606060606,4727.272727272728,4969.69696969697,5212.121212121212,5333.333333333334,5575.757575757576,5696.969696969697,5818.181818181818,6060.606060606061,6181.818181818182,6303.030303030303,6545.454545454546,6666.666666666667,6787.878787878788,6909.090909090909,7030.303030303031,7272.727272727273,7393.939393939394,7515.151515151516,7636.363636363637,7757.575757575758,7878.787878787879,8000.0,8121.212121212122,8363.636363636364,8484.848484848486,8606.060606060606,8727.272727272728
-1.1363636363636365,0.0,0.0,0.0,0.0,0.0,0.0,0.0,0.0,0.0,0.0,0.0,0.0,0.0,0.0,0.0,0.0,0.0,0.0,0.0,0.0,0.0,0.0,0.0,0.0,0.0,0.0,0.0,0.0,0.0,0.0,0.0,0.0,0.0,0.0,0.0,0.0,0.0,0.0,0.0,0.0,0.0,0.0,0.0,0.0,0.0,0.0,0.0,0.0,0.0,0.0,0.0,0.0,0.0,0.0,0.0,0.0,0.0,0.0,0.0,0.0,0.0,0.0,0.0,2060.6060606060605,2909.090909090909,3272.727272727273,3636.3636363636365,3878.787878787879,4121.212121212121,4363.636363636364,4606.060606060606,4727.272727272728,4969.69696969697,5212.121212121212,5333.333333333334,5454.545454545455,5696.969696969697,5818.181818181818,5939.39393939394,6181.818181818182,6303.030303030303,6424.242424242425,6545.454545454546,6787.878787878788,6909.090909090909,7030.303030303031,7151.515151515152,7272.727272727273,7393.939393939394,7515.151515151516,7757.575757575758,7878.787878787879,8000.0,8121.212121212122,8242.424242424242,8363.636363636364,8484.848484848486,8606.060606060606,8727.272727272728,8848.484848484848
-1.0858585858585859,0.0,0.0,0.0,0.0,0.0,0.0,0.0,0.0,0.0,0.0,0.0,0.0,0.0,0.0,0.0,0.0,0.0,0.0,0.0,0.0,0.0,0.0,0.0,0.0,0.0,0.0,0.0,0.0,0.0,0.0,0.0,0.0,0.0,0.0,0.0,0.0,0.0,0.0,0.0,0.0,0.0,0.0,0.0,0.0,0.0,0.0,0.0,0.0,0.0,0.0,0.0,0.0,0.0,0.0,0.0,0.0,0.0,0.0,0.0,0.0,0.0,2666.666666666667,3151.5151515151515,3393.939393939394,3757.575757575758,4000.0,4242.424242424243,4363.636363636364,4606.060606060606,4848.484848484849,4969.69696969697,5090.909090909091,5333.333333333334,5454.545454545455,5696.969696969697,5818.181818181818,5939.39393939394,6060.606060606061,6303.030303030303,6424.242424242425,6545.454545454546,6666.666666666667,6787.878787878788,6909.090909090909,7151.515151515152,7272.727272727273,7393.939393939394,7515.151515151516,7636.363636363637,7757.575757575758,7878.787878787879,8000.0,8121.212121212122,8242.424242424242,8363.636363636364,8484.848484848486,8606.060606060606,8727.272727272728,8848.484848484848,9090.909090909092
-1.0353535353535355,0.0,0.0,0.0,0.0,0.0,0.0,0.0,0.0,0.0,0.0,0.0,0.0,0.0,0.0,0.0,0.0,0.0,0.0,0.0,0.0,0.0,0.0,0.0,0.0,0.0,0.0,0.0,0.0,0.0,0.0,0.0,0.0,0.0,0.0,0.0,0.0,0.0,0.0,0.0,0.0,0.0,0.0,0.0,0.0,0.0,0.0,0.0,0.0,0.0,0.0,0.0,0.0,0.0,0.0,0.0,0.0,0.0,0.0,2424.2424242424245,2909.090909090909,3272.727272727273,3515.1515151515155,3757.575757575758,4000.0,4242.424242424243,4484.848484848485,4606.060606060606,4848.484848484849,4969.69696969697,5090.909090909091,5333.333333333334,5454.545454545455,5575.757575757576,5696.969696969697,5939.39393939394,6060.606060606061,6181.818181818182,6303.030303030303,6424.242424242425,6666.666666666667,6787.878787878788,6909.090909090909,7030.303030303031,7151.515151515152,7272.727272727273,7393.939393939394,7515.151515151516,7636.363636363637,7757.575757575758,7878.787878787879,8121.212121212122,8242.424242424242,8363.636363636364,8484.848484848486,8606.060606060606,8727.272727272728,8848.484848484848,8969.69696969697,9090.909090909092,9212.121212121212
-0.9848484848484849,0.0,0.0,0.0,0.0,0.0,0.0,0.0,0.0,0.0,0.0,0.0,0.0,0.0,0.0,0.0,0.0,0.0,0.0,0.0,0.0,0.0,0.0,0.0,0.0,0.0,0.0,0.0,0.0,0.0,0.0,0.0,0.0,0.0,0.0,0.0,0.0,0.0,0.0,0.0,0.0,0.0,0.0,0.0,0.0,0.0,0.0,0.0,0.0,0.0,0.0,0.0,0.0,0.0,0.0,0.0,2181.818181818182,2787.878787878788,3151.5151515151515,3393.939393939394,3636.3636363636365,3878.787878787879,4000.0,4242.424242424243,4484.848484848485,4606.060606060606,4727.272727272728,4969.69696969697,5090.909090909091,5212.121212121212,5454.545454545455,5575.757575757576,5696.969696969697,5818.181818181818,5939.39393939394,6181.818181818182,6303.030303030303,6424.242424242425,6545.454545454546,6666.666666666667,6787.878787878788,6909.090909090909,7030.303030303031,7272.727272727273,7393.939393939394,7515.151515151516,7636.363636363637,7757.575757575758,7878.787878787879,8000.0,8121.212121212122,8242.424242424242,8363.636363636364,8484.848484848486,8606.060606060606,8727.272727272728,8848.484848484848,8969.69696969697,9090.909090909092,9212.121212121212,9333.333333333334
-0.9343434343434345,0.0,0.0,0.0,0.0,0.0,0.0,0.0,0.0,0.0,0.0,0.0,0.0,0.0,0.0,0.0,0.0,0.0,0.0,0.0,0.0,0.0,0.0,0.0,0.0,0.0,0.0,0.0,0.0,0.0,0.0,0.0,0.0,0.0,0.0,0.0,0.0,0.0,0.0,0.0,0.0,0.0,0.0,0.0,0.0,0.0,0.0,0.0,0.0,0.0,0.0,0.0,0.0,1939.3939393939395,2545.4545454545455,2909.090909090909,3151.5151515151515,3393.939393939394,3636.3636363636365,3878.787878787879,4121.212121212121,4242.424242424243,4363.636363636364,4606.060606060606,4727.272727272728,4969.69696969697,5090.909090909091,5212.121212121212,5333.333333333334,5454.545454545455,5696.969696969697,5818.181818181818,5939.39393939394,6060.606060606061,6181.818181818182,6303.030303030303,6424.242424242425,6666.666666666667,6787.878787878788,6909.090909090909,7030.303030303031,7151.515151515152,7272.727272727273,7393.939393939394,7515.151515151516,7636.363636363637,7757.575757575758,7878.787878787879,8000.0,8121.212121212122,8242.424242424242,8363.636363636364,8484.848484848486,8606.060606060606,8727.272727272728,8848.484848484848,8969.69696969697,9090.909090909092,9212.121212121212,9333.333333333334,9454.545454545456
-0.8838383838383839,0.0,0.0,0.0,0.0,0.0,0.0,0.0,0.0,0.0,0.0,0.0,0.0,0.0,0.0,0.0,0.0,0.0,0.0,0.0,0.0,0.0,0.0,0.0,0.0,0.0,0.0,0.0,0.0,0.0,0.0,0.0,0.0,0.0,0.0,0.0,0.0,0.0,0.0,0.0,0.0,0.0,0.0,0.0,0.0,0.0,0.0,0.0,0.0,0.0,1696.969696969697,2424.2424242424245,2787.878787878788,3030.3030303030305,3272.727272727273,3515.1515151515155,3636.3636363636365,3878.787878787879,4121.212121212121,4242.424242424243,4363.636363636364,4606.060606060606,4727.272727272728,4848.484848484849,4969.69696969697,5212.121212121212,5333.333333333334,5454.545454545455,5575.757575757576,5696.969696969697,5818.181818181818,6060.606060606061,6181.818181818182,6303.030303030303,6424.242424242425,6545.454545454546,6666.666666666667,6787.878787878788,6909.090909090909,7030.303030303031,7151.515151515152,7272.727272727273,7393.939393939394,7515.151515151516,7636.363636363637,7757.575757575758,7878.787878787879,8000.0,8121.212121212122,8242.424242424242,8363.636363636364,8484.848484848486,8606.060606060606,8727.272727272728,8848.484848484848,8969.69696969697,9090.909090909092,9212.121212121212,9333.333333333334,9454.545454545456,9575.757575757576
-0.8333333333333333,0.0,0.0,0.0,0.0,0.0,0.0,0.0,0.0,0.0,0.0,0.0,0.0,0.0,0.0,0.0,0.0,0.0,0.0,0.0,0.0,0.0,0.0,0.0,0.0,0.0,0.0,0.0,0.0,0.0,0.0,0.0,0.0,0.0,0.0,0.0,0.0,0.0,0.0,0.0,0.0,0.0,0.0,0.0,0.0,0.0,0.0,0.0,2181.818181818182,2545.4545454545455,2787.878787878788,3030.3030303030305,3272.727272727273,3515.1515151515155,3757.575757575758,3878.787878787879,4000.0,4242.424242424243,4363.636363636364,4484.848484848485,4727.272727272728,4848.484848484849,4969.69696969697,5090.909090909091,5212.121212121212,5454.545454545455,5575.757575757576,5696.969696969697,5818.181818181818,5939.39393939394,6060.606060606061,6181.818181818182,6303.030303030303,6424.242424242425,6545.454545454546,6666.666666666667,6787.878787878788,6909.090909090909,7030.303030303031,7151.515151515152,7272.727272727273,7393.939393939394,7515.151515151516,7636.363636363637,7757.575757575758,7878.787878787879,8000.0,8121.212121212122,8242.424242424242,8363.636363636364,8484.848484848486,8606.060606060606,8727.272727272728,8848.484848484848,8969.69696969697,9090.909090909092,9212.121212121212,9333.333333333334,9454.545454545456,9575.757575757576,9696.969696969698
-0.7828282828282829,0.0,0.0,0.0,0.0,0.0,0.0,0.0,0.0,0.0,0.0,0.0,0.0,0.0,0.0,0.0,0.0,0.0,0.0,0.0,0.0,0.0,0.0,0.0,0.0,0.0,0.0,0.0,0.0,0.0,0.0,0.0,0.0,0.0,0.0,0.0,0.0,0.0,0.0,0.0,0.0,0.0,0.0,0.0,0.0,1939.3939393939395,2424.2424242424245,2666.666666666667,2909.090909090909,3151.5151515151515,3272.727272727273,3515.1515151515155,3636.3636363636365,3878.787878787879,4000.0,4242.424242424243,4363.636363636364,4484.848484848485,4606.060606060606,4727.272727272728,4969.69696969697,5090.909090909091,5212.121212121212,5333.333333333334,5454.545454545455,5575.757575757576,5696.969696969697,5818.181818181818,5939.39393939394,6060.606060606061,6181.818181818182,6303.030303030303,6424.242424242425,6545.454545454546,6666.666666666667,6909.090909090909,7030.303030303031,7151.515151515152,7151.515151515152,7272.727272727273,7393.939393939394,7515.151515151516,7636.363636363637,7757.575757575758,7878.787878787879,8000.0,8121.212121212122,8242.424242424242,8363.636363636364,8484.848484848486,8606.060606060606,8727.272727272728,8848.484848484848,8969.69696969697,9090.909090909092,9212.121212121212,9333.333333333334,9454.545454545456,9575.757575757576,9696.969696969698,9818.181818181818
-0.7323232323232323,0.0,0.0,0.0,0.0,0.0,0.0,0.0,0.0,0.0,0.0,0.0,0.0,0.0,0.0,0.0,0.0,0.0,0.0,0.0,0.0,0.0,0.0,0.0,0.0,0.0,0.0,0.0,0.0,0.0,0.0,0.0,0.0,0.0,0.0,0.0,0.0,0.0,0.0,0.0,0.0,0.0,1696.969696969697,2181.818181818182,2545.4545454545455,2787.878787878788,2909.090909090909,3151.5151515151515,3393.939393939394,3515.1515151515155,3636.3636363636365,3878.787878787879,4000.0,4121.212121212121,4242.424242424243,4484.848484848485,4606.060606060606,4727.272727272728,4848.484848484849,4969.69696969697,5090.909090909091,5212.121212121212,5333.333333333334,5454.545454545455,5696.969696969697,5818.181818181818,5939.39393939394,6060.606060606061,6181.818181818182,6303.030303030303,6424.242424242425,6545.454545454546,6666.666666666667,6787.878787878788,6909.090909090909,7030.303030303031,7151.515151515152,7272.727272727273,7393.939393939394,7515.151515151516,7515.151515151516,7636.363636363637,7757.575757575758,7878.787878787879,8000.0,8121.212121212122,8242.424242424242,8363.636363636364,8484.848484848486,8606.060606060606,8727.272727272728,8848.484848484848,8969.69696969697,9090.909090909092,9212.121212121212,9333.333333333334,9454.545454545456,9575.757575757576,9575.757575757576,9696.969696969698,9818.181818181818
-0.6818181818181819,0.0,0.0,0.0,0.0,0.0,0.0,0.0,0.0,0.0,0.0,0.0,0.0,0.0,0.0,0.0,0.0,0.0,0.0,0.0,0.0,0.0,0.0,0.0,0.0,0.0,0.0,0.0,0.0,0.0,0.0,0.0,0.0,0.0,0.0,0.0,0.0,0.0,0.0,1454.5454545454545,2060.6060606060605,2303.030303030303,2545.4545454545455,2787.878787878788,3030.3030303030305,3151.5151515151515,3272.727272727273,3515.1515151515155,3636.3636363636365,3757.575757575758,4000.0,4121.212121212121,4242.424242424243,4363.636363636364,4484.848484848485,4606.060606060606,4727.272727272728,4969.69696969697,5090.909090909091,5212.121212121212,5333.333333333334,5454.545454545455,5575.757575757576,5696.969696969697,5818.181818181818,5939.39393939394,6060.606060606061,6181.818181818182,6303.030303030303,6424.242424242425,6545.454545454546,6666.666666666667,6787.878787878788,6909.090909090909,7030.303030303031,7151.515151515152,7272.727272727273,7393.939393939394,7515.151515151516,7515.151515151516,7636.363636363637,7757.575757575758,7878.787878787879,8000.0,8121.212121212122,8242.424242424242,8363.636363636364,8484.848484848486,8606.060606060606,8727.272727272728,8848.484848484848,8969.69696969697,9090.909090909092,9212.121212121212,9212.121212121212,9333.333333333334,9454.545454545456,9575.757575757576,9696.969696969698,9818.181818181818,9939.39393939394
-0.6313131313131313,0.0,0.0,0.0,0.0,0.0,0.0,0.0,0.0,0.0,0.0,0.0,0.0,0.0,0.0,0.0,0.0,0.0,0.0,0.0,0.0,0.0,0.0,0.0,0.0,0.0,0.0,0.0,0.0,0.0,0.0,0.0,0.0,0.0,0.0,0.0,1212.1212121212122,1818.1818181818182,2181.818181818182,2424.2424242424245,2545.4545454545455,2787.878787878788,2909.090909090909,3151.5151515151515,3272.727272727273,3515.1515151515155,3636.3636363636365,3757.575757575758,3878.787878787879,4000.0,4121.212121212121,4363.636363636364,4484.848484848485,4606.060606060606,4727.272727272728,4848.484848484849,4969.69696969697,5090.909090909091,5212.121212121212,5333.333333333334,5454.545454545455,5575.757575757576,5696.969696969697,5818.181818181818,5939.39393939394,6060.606060606061,6181.818181818182,6303.030303030303,6424.242424242425,6545.454545454546,6666.666666666667,6787.878787878788,6909.090909090909,7030.303030303031,7151.515151515152,7272.727272727273,7393.939393939394,7393.939393939394,7515.151515151516,7636.363636363637,7757.575757575758,7878.787878787879,8000.0,8121.212121212122,8242.424242424242,8363.636363636364,8484.848484848486,8606.060606060606,8727.272727272728,8848.484848484848,8969.69696969697,8969.69696969697,9090.909090909092,9212.121212121212,9333.333333333334,9454.545454545456,9575.757575757576,9696.969696969698,9818.181818181818,9939.39393939394,10060.606060606062
-0.5808080808080809,0.0,0.0,0.0,0.0,0.0,0.0,0.0,0.0,0.0,0.0,0.0,0.0,0.0,0.0,0.0,0.0,0.0,0.0,0.0,0.0,0.0,0.0,0.0,0.0,0.0,0.0,0.0,0.0,0.0,0.0,0.0,0.0,0.0,1575.7575757575758,1939.3939393939395,2181.818181818182,2424.2424242424245,2666.666666666667,2787.878787878788,2909.090909090909,3151.5151515151515,3272.727272727273,3393.939393939394,3515.1515151515155,3636.3636363636365,3878.787878787879,4000.0,4121.212121212121,4242.424242424243,4363.636363636364,4484.848484848485,4606.060606060606,4727.272727272728,4848.484848484849,4969.69696969697,5090.909090909091,5212.121212121212,5333.333333333334,5454.545454545455,5575.757575757576,5696.969696969697,5818.181818181818,5939.39393939394,6060.606060606061,6181.818181818182,6303.030303030303,6424.242424242425,6545.454545454546,6666.666666666667,6787.878787878788,6909.090909090909,7030.303030303031,7151.515151515152,7151.515151515152,7272.727272727273,7393.939393939394,7515.151515151516,7636.363636363637,7757.575757575758,7878.787878787879,8000.0,8121.212121212122,8242.424242424242,8363.636363636364,8484.848484848486,8606.060606060606,8606.060606060606,8727.272727272728,8848.484848484848,8969.69696969697,9090.909090909092,9212.121212121212,9333.333333333334,9454.545454545456,9575.757575757576,9696.969696969698,9818.181818181818,9818.181818181818,9939.39393939394,10060.606060606062
-0.5303030303030303,0.0,0.0,0.0,0.0,0.0,0.0,0.0,0.0,0.0,0.0,0.0,0.0,0.0,0.0,0.0,0.0,0.0,0.0,0.0,0.0,0.0,0.0,0.0,0.0,0.0,0.0,0.0,0.0,0.0,0.0,1454.5454545454545,1818.1818181818182,2060.6060606060605,2181.818181818182,2424.2424242424245,2545.4545454545455,2787.878787878788,2909.090909090909,3030.3030303030305,3272.727272727273,3393.939393939394,3515.1515151515155,3636.3636363636365,3757.575757575758,3878.787878787879,4000.0,4121.212121212121,4242.424242424243,4363.636363636364,4484.848484848485,4606.060606060606,4727.272727272728,4848.484848484849,4969.69696969697,5090.909090909091,5212.121212121212,5333.333333333334,5454.545454545455,5575.757575757576,5696.969696969697,5818.181818181818,5939.39393939394,6060.606060606061,6181.818181818182,6303.030303030303,6424.242424242425,6545.454545454546,6666.666666666667,6787.878787878788,6909.090909090909,6909.090909090909,7030.303030303031,7151.515151515152,7272.727272727273,7393.939393939394,7515.151515151516,7636.363636363637,7757.575757575758,7878.787878787879,8000.0,8121.212121212122,8242.424242424242,8242.424242424242,8363.636363636364,8484.848484848486,8606.060606060606,8727.272727272728,8848.484848484848,8969.69696969697,9090.909090909092,9212.121212121212,9333.333333333334,9333.333333333334,9454.545454545456,9575.757575757576,9696.969696969698,9818.181818181818,9939.39393939394,10060.606060606062,10181.818181818182
-0.47979797979797967,0.0,0.0,0.0,0.0,0.0,0.0,0.0,0.0,0.0,0.0,0.0,0.0,0.0,0.0,0.0,0.0,0.0,0.0,0.0,0.0,0.0,0.0,0.0,0.0,0.0,0.0,0.0,1212.1212121212122,1575.7575757575758,1818.1818181818182,2060.6060606060605,2181.818181818182,2424.2424242424245,2545.4545454545455,2666.666666666667,2909.090909090909,3030.3030303030305,3151.5151515151515,3272.727272727273,3393.939393939394,3515.1515151515155,3636.3636363636365,3757.575757575758,3878.787878787879,4000.0,4121.212121212121,4242.424242424243,4363.636363636364,4484.848484848485,4606.060606060606,4727.272727272728,4848.484848484849,4969.69696969697,5090.909090909091,5212.121212121212,5333.333333333334,5454.545454545455,5575.757575757576,5696.969696969697,5818.181818181818,5939.39393939394,6060.606060606061,6181.818181818182,6303.030303030303,6424.242424242425,6545.454545454546,6545.454545454546,6666.666666666667,6787.878787878788,6909.090909090909,7030.303030303031,7151.515151515152,7272.727272727273,7393.939393939394,7515.151515151516,7636.363636363637,7757.575757575758,7878.787878787879,7878.787878787879,8000.0,8121.212121212122,8242.424242424242,8363.636363636364,8484.848484848486,8606.060606060606,8727.272727272728,8848.484848484848,8969.69696969697,8969.69696969697,9090.909090909092,9212.121212121212,9333.333333333334,9454.545454545456,9575.757575757576,9696.969696969698,9818.181818181818,9939.39393939394,9939.39393939394,10060.606060606062,10181.818181818182
-0.4292929292929295,0.0,0.0,0.0,0.0,0.0,0.0,0.0,0.0,0.0,0.0,0.0,0.0,0.0,0.0,0.0,0.0,0.0,0.0,0.0,0.0,0.0,0.0,0.0,0.0,969.6969696969697,1454.5454545454545,1696.969696969697,1818.1818181818182,2060.6060606060605,2181.818181818182,2424.2424242424245,2545.4545454545455,2666.666666666667,2787.878787878788,2909.090909090909,3030.3030303030305,3151.5151515151515,3393.939393939394,3515.1515151515155,3636.3636363636365,3757.575757575758,3878.787878787879,4000.0,4121.212121212121,4242.424242424243,4363.636363636364,4484.848484848485,4484.848484848485,4606.060606060606,4727.272727272728,4848.484848484849,4969.69696969697,5090.909090909091,5212.121212121212,5333.333333333334,5454.545454545455,5575.757575757576,5696.969696969697,5818.181818181818,5939.39393939394,6060.606060606061,6181.818181818182,6181.818181818182,6303.030303030303,6424.242424242425,6545.454545454546,6666.666666666667,6787.878787878788,6909.090909090909,7030.303030303031,7151.515151515152,7272.727272727273,7393.939393939394,7393.939393939394,7515.151515151516,7636.363636363637,7757.575757575758,7878.787878787879,8000.0,8121.212121212122,8242.424242424242,8363.636363636364,8484.848484848486,8484.848484848486,8606.060606060606,8727.272727272728,8848.484848484848,8969.69696969697,9090.909090909092,9212.121212121212,9333.333333333334,9454.545454545456,9454.545454545456,9575.757575757576,9696.969696969698,9818.181818181818,9939.39393939394,10060.606060606062,10181.818181818182,10303.030303030304
-0.3787878787878789,0.0,0.0,0.0,0.0,0.0,0.0,0.0,0.0,0.0,0.0,0.0,0.0,0.0,0.0,0.0,0.0,0.0,0.0,0.0,0.0,0.0,727.2727272727273,1212.1212121212122,1454.5454545454545,1696.969696969697,1818.1818181818182,2060.6060606060605,2181.818181818182,2303.030303030303,2424.2424242424245,2666.666666666667,2787.878787878788,2909.090909090909,3030.3030303030305,3151.5151515151515,3272.727272727273,3393.939393939394,3515.1515151515155,3636.3636363636365,3757.575757575758,3878.787878787879,4000.0,4121.212121212121,4242.424242424243,4363.636363636364,4363.636363636364,4484.848484848485,4606.060606060606,4727.272727272728,4848.484848484849,4969.69696969697,5090.909090909091,5212.121212121212,5333.333333333334,5454.545454545455,5575.757575757576,5696.969696969697,5818.181818181818,5939.39393939394,5939.39393939394,6060.606060606061,6181.818181818182,6303.030303030303,6424.242424242425,6545.454545454546,6666.666666666667,6787.878787878788,6909.090909090909,7030.303030303031,7030.303030303031,7151.515151515152,7272.727272727273,7393.939393939394,7515.151515151516,7636.363636363637,7757.575757575758,7878.787878787879,8000.0,8000.0,8121.212121212122,8242.424242424242,8363.636363636364,8484.848484848486,8606.060606060606,8727.272727272728,8848.484848484848,8969.69696969697,8969.69696969697,9090.909090909092,9212.121212121212,9333.333333333334,9454.545454545456,9575.757575757576,9696.969696969698,9818.181818181818,9818.181818181818,9939.39393939394,10060.606060606062,10181.818181818182,10303.030303030304
-0.3282828282828283,0.0,0.0,0.0,0.0,0.0,0.0,0.0,0.0,0.0,0.0,0.0,0.0,0.0,0.0,0.0,0.0,0.0,0.0,0.0,1090.909090909091,1333.3333333333335,1454.5454545454545,1696.969696969697,1818.1818181818182,1939.3939393939395,2181.818181818182,2303.030303030303,2424.2424242424245,2545.4545454545455,2666.666666666667,2787.878787878788,2909.090909090909,3030.3030303030305,3151.5151515151515,3272.727272727273,3393.939393939394,3515.1515151515155,3636.3636363636365,3757.575757575758,3878.787878787879,4000.0,4121.212121212121,4242.424242424243,4242.424242424243,4363.636363636364,4484.848484848485,4606.060606060606,4727.272727272728,4848.484848484849,4969.69696969697,5090.909090909091,5212.121212121212,5333.333333333334,5454.545454545455,5454.545454545455,5575.757575757576,5696.969696969697,5818.181818181818,5939.39393939394,6060.606060606061,6181.818181818182,6303.030303030303,6424.242424242425,6545.454545454546,6545.454545454546,6666.666666666667,6787.878787878788,6909.090909090909,7030.303030303031,7151.515151515152,7272.727272727273,7393.939393939394,7515.151515151516,7515.151515151516,7636.363636363637,7757.575757575758,7878.787878787879,8000.0,8121.212121212122,8242.424242424242,8363.636363636364,8484.848484848486,8484.848484848486,8606.060606060606,8727.272727272728,8848.484848484848,8969.69696969697,9090.909090909092,9212.121212121212,9333.333333333334,9333.333333333334,9454.545454545456,9575.757575757576,9696.969696969698,9818.181818181818,9939.39393939394,10060.606060606062,10181.818181818182,10181.818181818182,10303.030303030304
-0.2777777777777777,0.0,0.0,0.0,0.0,0.0,0.0,0.0,0.0,0.0,0.0,0.0,0.0,0.0,0.0,0.0,0.0,848.4848484848485,1090.909090909091,1333.3333333333335,1454.5454545454545,1696.969696969697,1818.1818181818182,1939.3939393939395,2060.6060606060605,2181.818181818182,2303.030303030303,2424.2424242424245,2545.4545454545455,2666.666666666667,2787.878787878788,2909.090909090909,3030.3030303030305,3151.5151515151515,3272.727272727273,3393.939393939394,3515.1515151515155,3636.3636363636365,3757.575757575758,3878.787878787879,3878.787878787879,4000.0,4121.212121212121,4242.424242424243,4363.636363636364,4484.848484848485,4606.060606060606,4727.272727272728,4848.484848484849,4969.69696969697,5090.909090909091,5090.909090909091,5212.121212121212,5333.333333333334,5454.545454545455,5575.757575757576,5696.969696969697,5818.181818181818,5939.39393939394,6060.606060606061,6060.606060606061,6181.818181818182,6303.030303030303,6424.242424242425,6545.454545454546,6666.666666666667,6787.878787878788,6909.090909090909,7030.303030303031,7030.303030303031,7151.515151515152,7272.727272727273,7393.939393939394,7515.151515151516,7636.363636363637,7757.575757575758,7878.787878787879,7878.787878787879,8000.0,8121.212121212122,8242.424242424242,8363.636363636364,8484.848484848486,8606.060606060606,8727.272727272728,8727.272727272728,8848.484848484848,8969.69696969697,9090.909090909092,9212.121212121212,9333.333333333334,9454.545454545456,9575.757575757576,9575.757575757576,9696.969696969698,9818.181818181818,9939.39393939394,10060.606060606062,10181.818181818182,10303.030303030304,10424.242424242424
-0.22727272727272751,0.0,0.0,0.0,0.0,0.0,0.0,0.0,0.0,0.0,0.0,0.0,0.0,0.0,727.2727272727273,969.6969696969697,1090.909090909091,1333.3333333333335,1454.5454545454545,1575.7575757575758,1696.969696969697,1818.1818181818182,1939.3939393939395,2060.6060606060605,2181.818181818182,2303.030303030303,2424.2424242424245,2545.4545454545455,2666.666666666667,2787.878787878788,2909.090909090909,3030.3030303030305,3151.5151515151515,3272.727272727273,3393.939393939394,3515.1515151515155,3515.1515151515155,3636.3636363636365,3757.575757575758,3878.787878787879,4000.0,4121.212121212121,4242.424242424243,4363.636363636364,4484.848484848485,4606.060606060606,4606.060606060606,4727.272727272728,4848.484848484849,4969.69696969697,5090.909090909091,5212.121212121212,5333.333333333334,5454.545454545455,5575.757575757576,5575.757575757576,5696.969696969697,5818.181818181818,5939.39393939394,6060.606060606061,6181.818181818182,6303.030303030303,6424.242424242425,6424.242424242425,6545.454545454546,6666.666666666667,6787.878787878788,6909.090909090909,7030.303030303031,7151.515151515152,7272.727272727273,7393.939393939394,7393.939393939394,7515.151515151516,7636.363636363637,7757.575757575758,7878.787878787879,8000.0,8121.212121212122,8242.424242424242,8242.424242424242,8363.636363636364,8484.848484848486,8606.060606060606,8727.272727272728,8848.484848484848,8969.69696969697,9090.909090909092,9090.909090909092,9212.121212121212,9333.333333333334,9454.545454545456,9575.757575757576,9696.969696969698,9818.181818181818,9818.181818181818,9939.39393939394,10060.606060606062,10181.818181818182,10303.030303030304,10424.242424242424
-0.1767676767676769,0.0,0.0,0.0,0.0,0.0,0.0,0.0,0.0,0.0,0.0,484.8484848484849,727.2727272727273,969.6969696969697,1090.909090909091,1212.1212121212122,1333.3333333333335,1454.5454545454545,1575.7575757575758,1696.969696969697,1818.1818181818182,1939.3939393939395,2060.6060606060605,2181.818181818182,2303.030303030303,2424.2424242424245,2545.4545454545455,2666.666666666667,2787.878787878788,2909.090909090909,3030.3030303030305,3151.5151515151515,3151.5151515151515,3272.727272727273,3393.939393939394,3515.1515151515155,3636.3636363636365,3757.575757575758,3878.787878787879,4000.0,4121.212121212121,4121.212121212121,4242.424242424243,4363.636363636364,4484.848484848485,4606.060606060606,4727.272727272728,4848.484848484849,4969.69696969697,5090.909090909091,5090.909090909091,5212.121212121212,5333.333333333334,5454.545454545455,5575.757575757576,5696.969696969697,5818.181818181818,5939.39393939394,5939.39393939394,6060.606060606061,6181.818181818182,6303.030303030303,6424.242424242425,6545.454545454546,6666.666666666667,6787.878787878788,6787.878787878788,6909.090909090909,7030.303030303031,7151.515151515152,7272.727272727273,7393.939393939394,7515.151515151516,7636.363636363637,7636.363636363637,7757.575757575758,7878.787878787879,8000.0,8121.212121212122,8242.424242424242,8363.636363636364,8363.636363636364,8484.848484848486,8606.060606060606,8727.272727272728,8848.484848484848,8969.69696969697,9090.909090909092,9212.121212121212,9212.121212121212,9333.333333333334,9454.545454545456,9575.757575757576,9696.969696969698,9818.181818181818,9939.39393939394,10060.606060606062,10060.606060606062,10181.818181818182,10303.030303030304,10424.242424242424
-0.1262626262626263,0.0,0.0,0.0,0.0,0.0,0.0,0.0,242.42424242424244,606.0606060606061,727.2727272727273,848.4848484848485,1090.909090909091,1212.1212121212122,1333.3333333333335,1454.5454545454545,1454.5454545454545,1575.7575757575758,1696.969696969697,1818.1818181818182,1939.3939393939395,2060.6060606060605,2181.818181818182,2303.030303030303,2424.2424242424245,2545.4545454545455,2666.666666666667,2666.666666666667,2787.878787878788,2909.090909090909,3030.3030303030305,3151.5151515151515,3272.727272727273,3393.939393939394,3515.1515151515155,3636.3636363636365,3636.3636363636365,3757.575757575758,3878.787878787879,4000.0,4121.212121212121,4242.424242424243,4363.636363636364,4484.848484848485,4484.848484848485,4606.060606060606,4727.272727272728,4848.484848484849,4969.69696969697,5090.909090909091,5212.121212121212,5333.333333333334,5333.333333333334,5454.545454545455,5575.757575757576,5696.969696969697,5818.181818181818,5939.39393939394,6060.606060606061,6181.818181818182,6181.818181818182,6303.030303030303,6424.242424242425,6545.454545454546,6666.666666666667,6787.878787878788,6909.090909090909,6909.090909090909,7030.303030303031,7151.515151515152,7272.727272727273,7393.939393939394,7515.151515151516,7636.363636363637,7757.575757575758,7757.575757575758,7878.787878787879,8000.0,8121.212121212122,8242.424242424242,8363.636363636364,8484.848484848486,8606.060606060606,8606.060606060606,8727.272727272728,8848.484848484848,8969.69696969697,9090.909090909092,9212.121212121212,9333.333333333334,9333.333333333334,9454.545454545456,9575.757575757576,9696.969696969698,9818.181818181818,9939.39393939394,10060.606060606062,10181.818181818182,10181.818181818182,10303.030303030304,10424.242424242424
-0.07575757575757569,0.0,0.0,0.0,0.0,0.0,363.6363636363636,606.0606060606061,727.2727272727273,848.4848484848485,969.6969696969697,1090.909090909091,1212.1212121212122,1212.1212121212122,1333.3333333333335,1454.5454545454545,1575.7575757575758,1696.969696969697,1818.1818181818182,1939.3939393939395,2060.6060606060605,2181.818181818182,2181.818181818182,2303.030303030303,2424.2424242424245,2545.4545454545455,2666.666666666667,2787.878787878788,2909.090909090909,3030.3030303030305,3030.3030303030305,3151.5151515151515,3272.727272727273,3393.939393939394,3515.1515151515155,3636.3636363636365,3757.575757575758,3878.787878787879,3878.787878787879,4000.0,4121.212121212121,4242.424242424243,4363.636363636364,4484.848484848485,4606.060606060606,4727.272727272728,4727.272727272728,4848.484848484849,4969.69696969697,5090.909090909091,5212.121212121212,5333.333333333334,5454.545454545455,5454.545454545455,5575.757575757576,5696.969696969697,5818.181818181818,5939.39393939394,6060.606060606061,6181.818181818182,6303.030303030303,6303.030303030303,6424.242424242425,6545.454545454546,6666.666666666667,6787.878787878788,6909.090909090909,7030.303030303031,7030.303030303031,7151.515151515152,7272.727272727273,7393.939393939394,7515.151515151516,7636.363636363637,7757.575757575758,7878.787878787879,7878.787878787879,8000.0,8121.212121212122,8242.424242424242,8363.636363636364,8484.848484848486,8606.060606060606,8727.272727272728,8727.272727272728,8848.484848484848,8969.69696969697,9090.909090909092,9212.121212121212,9333.333333333334,9454.545454545456,9454.545454545456,9575.757575757576,9696.969696969698,9818.181818181818,9939.39393939394,10060.606060606062,10181.818181818182,10303.030303030304,10303.030303030304,10424.242424242424
-0.025252525252525082,0.0,0.0,242.42424242424244,363.6363636363636,484.8484848484849,606.0606060606061,727.2727272727273,727.2727272727273,848.4848484848485,969.6969696969697,1090.909090909091,1212.1212121212122,1333.3333333333335,1454.5454545454545,1575.7575757575758,1575.7575757575758,1696.969696969697,1818.1818181818182,1939.3939393939395,2060.6060606060605,2181.818181818182,2303.030303030303,2424.2424242424245,2424.2424242424245,2545.4545454545455,2666.666666666667,2787.878787878788,2909.090909090909,3030.3030303030305,3151.5151515151515,3151.5151515151515,3272.727272727273,3393.939393939394,3515.1515151515155,3636.3636363636365,3757.575757575758,3878.787878787879,4000.0,4000.0,4121.212121212121,4242.424242424243,4363.636363636364,4484.848484848485,4606.060606060606,4727.272727272728,4727.272727272728,4848.484848484849,4969.69696969697,5090.909090909091,5212.121212121212,5333.333333333334,5454.545454545455,5575.757575757576,5575.757575757576,5696.969696969697,5818.181818181818,5939.39393939394,6060.606060606061,6181.818181818182,6303.030303030303,6303.030303030303,6424.242424242425,6545.454545454546,6666.666666666667,6787.878787878788,6909.090909090909,7030.303030303031,7151.515151515152,7151.515151515152,7272.727272727273,7393.939393939394,7515.151515151516,7636.363636363637,7757.575757575758,7878.787878787879,7878.787878787879,8000.0,8121.212121212122,8242.424242424242,8363.636363636364,8484.848484848486,8606.060606060606,8727.272727272728,8727.272727272728,8848.484848484848,8969.69696969697,9090.909090909092,9212.121212121212,9333.333333333334,9454.545454545456,9575.757575757576,9575.757575757576,9696.969696969698,9818.181818181818,9939.39393939394,10060.606060606062,10181.818181818182,10303.030303030304,10303.030303030304,10424.242424242424
0.025252525252525082,0.0,0.0,242.42424242424244,363.6363636363636,484.8484848484849,606.0606060606061,727.2727272727273,727.2727272727273,848.4848484848485,969.6969696969697,1090.909090909091,1212.1212121212122,1333.3333333333335,1454.5454545454545,1575.7575757575758,1575.7575757575758,1696.969696969697,1818.1818181818182,1939.3939393939395,2060.6060606060605,2181.818181818182,2303.030303030303,2424.2424242424245,2424.2424242424245,2545.4545454545455,2666.666666666667,2787.878787878788,2909.090909090909,3030.3030303030305,3151.5151515151515,3151.5151515151515,3272.727272727273,3393.939393939394,3515.1515151515155,3636.3636363636365,3757.575757575758,3878.787878787879,4000.0,4000.0,4121.212121212121,4242.424242424243,4363.636363636364,4484.848484848485,4606.060606060606,4727.272727272728,4727.272727272728,4848.484848484849,4969.69696969697,5090.909090909091,5212.121212121212,5333.333333333334,5454.545454545455,5575.757575757576,5575.757575757576,5696.969696969697,5818.181818181818,5939.39393939394,6060.606060606061,6181.818181818182,6303.030303030303,6303.030303030303,6424.242424242425,6545.454545454546,6666.666666666667,6787.878787878788,6909.090909090909,7030.303030303031,7151.515151515152,7151.515151515152,7272.727272727273,7393.939393939394,7515.151515151516,7636.363636363637,7757.575757575758,7878.787878787879,7878.787878787879,8000.0,8121.212121212122,8242.424242424242,8363.636363636364,8484.848484848486,8606.060606060606,8727.272727272728,8727.272727272728,8848.484848484848,8969.69696969697,9090.909090909092,9212.121212121212,9333.333333333334,9454.545454545456,9575.757575757576,9575.757575757576,9696.969696969698,9818.181818181818,9939.39393939394,10060.606060606062,10181.818181818182,10303.030303030304,10303.030303030304,10424.242424242424
0.07575757575757569,0.0,0.0,0.0,0.0,0.0,484.8484848484849,606.0606060606061,727.2727272727273,848.4848484848485,969.6969696969697,1090.909090909091,1212.1212121212122,1212.1212121212122,1333.3333333333335,1454.5454545454545,1575.7575757575758,1696.969696969697,1818.1818181818182,1939.3939393939395,2060.6060606060605,2181.818181818182,2181.818181818182,2303.030303030303,2424.2424242424245,2545.4545454545455,2666.666666666667,2787.878787878788,2909.090909090909,3030.3030303030305,3030.3030303030305,3151.5151515151515,3272.727272727273,3393.939393939394,3515.1515151515155,3636.3636363636365,3757.575757575758,3878.787878787879,3878.787878787879,4000.0,4121.212121212121,4242.424242424243,4363.636363636364,4484.848484848485,4606.060606060606,4727.272727272728,4727.272727272728,4848.484848484849,4969.69696969697,5090.909090909091,5212.121212121212,5333.333333333334,5454.545454545455,5454.545454545455,5575.757575757576,5696.969696969697,5818.181818181818,5939.39393939394,6060.606060606061,6181.818181818182,6303.030303030303,6303.030303030303,6424.242424242425,6545.454545454546,6666.666666666667,6787.878787878788,6909.090909090909,7030.303030303031,7030.303030303031,7151.515151515152,7272.727272727273,7393.939393939394,7515.151515151516,7636.363636363637,7757.575757575758,7878.787878787879,7878.787878787879,8000.0,8121.212121212122,8242.424242424242,8363.636363636364,8484.848484848486,8606.060606060606,8727.272727272728,8727.272727272728,8848.484848484848,8969.69696969697,9090.909090909092,9212.121212121212,9333.333333333334,9454.545454545456,9454.545454545456,9575.757575757576,9696.969696969698,9818.181818181818,9939.39393939394,10060.606060606062,10181.818181818182,10303.030303030304,10303.030303030304,10424.242424242424
0.1262626262626263,0.0,0.0,0.0,0.0,0.0,0.0,0.0,363.6363636363636,606.0606060606061,727.2727272727273,969.6969696969697,1090.909090909091,1212.1212121212122,1333.3333333333335,1454.5454545454545,1575.7575757575758,1575.7575757575758,1696.969696969697,1818.1818181818182,1939.3939393939395,2060.6060606060605,2181.818181818182,2303.030303030303,2424.2424242424245,2545.4545454545455,2666.666666666667,2666.666666666667,2787.878787878788,2909.090909090909,3030.3030303030305,3151.5151515151515,3272.727272727273,3393.939393939394,3515.1515151515155,3636.3636363636365,3636.3636363636365,3757.575757575758,3878.787878787879,4000.0,4121.212121212121,4242.424242424243,4363.636363636364,4484.848484848485,4484.848484848485,4606.060606060606,4727.272727272728,4848.484848484849,4969.69696969697,5090.909090909091,5212.121212121212,5333.333333333334,5333.333333333334,5454.545454545455,5575.757575757576,5696.969696969697,5818.181818181818,5939.39393939394,6060.606060606061,6181.818181818182,6181.818181818182,6303.030303030303,6424.242424242425,6545.454545454546,6666.666666666667,6787.878787878788,6909.090909090909,6909.090909090909,7030.303030303031,7151.515151515152,7272.727272727273,7393.939393939394,7515.151515151516,7636.363636363637,7757.575757575758,7757.575757575758,7878.787878787879,8000.0,8121.212121212122,8242.424242424242,8363.636363636364,8484.848484848486,8606.060606060606,8606.060606060606,8727.272727272728,8848.484848484848,8969.69696969697,9090.909090909092,9212.121212121212,9333.333333333334,9333.333333333334,9454.545454545456,9575.757575757576,9696.969696969698,9818.181818181818,9939.39393939394,10060.606060606062,10181.818181818182,10181.818181818182,10303.030303030304,10424.242424242424
0.1767676767676769,0.0,0.0,0.0,0.0,0.0,0.0,0.0,0.0,0.0,0.0,606.0606060606061,848.4848484848485,969.6969696969697,1090.909090909091,1212.1212121212122,1333.3333333333335,1454.5454545454545,1575.7575757575758,1696.969696969697,1818.1818181818182,1939.3939393939395,2060.6060606060605,2181.818181818182,2303.030303030303,2424.2424242424245,2545.4545454545455,2666.666666666667,2787.878787878788,2909.090909090909,3030.3030303030305,3151.5151515151515,3151.5151515151515,3272.727272727273,3393.939393939394,3515.1515151515155,3636.3636363636365,3757.575757575758,3878.787878787879,4000.0,4121.212121212121,4121.212121212121,4242.424242424243,4363.636363636364,4484.848484848485,4606.060606060606,4727.272727272728,4848.484848484849,4969.69696969697,5090.909090909091,5090.909090909091,5212.121212121212,5333.333333333334,5454.545454545455,5575.757575757576,5696.969696969697,5818.181818181818,5939.39393939394,5939.39393939394,6060.606060606061,6181.818181818182,6303.030303030303,6424.242424242425,6545.454545454546,6666.666666666667,6787.878787878788,6787.878787878788,6909.090909090909,7030.303030303031,7151.515151515152,7272.727272727273,7393.939393939394,7515.151515151516,7636.363636363637,7636.363636363637,7757.575757575758,7878.787878787879,8000.0,8121.212121212122,8242.424242424242,8363.636363636364,8363.636363636364,8484.848484848486,8606.060606060606,8727.272727272728,8848.484848484848,8969.69696969697,9090.909090909092,9212.121212121212,9212.121212121212,9333.333333333334,9454.545454545456,9575.757575757576,9696.969696969698,9818.181818181818,9939.39393939394,10060.606060606062,10060.606060606062,10181.818181818182,10303.030303030304,10424.242424242424
0.22727272727272707,0.0,0.0,0.0,0.0,0.0,0.0,0.0,0.0,0.0,0.0,0.0,0.0,0.0,727.2727272727273,969.6969696969697,1212.1212121212122,1333.3333333333335,1454.5454545454545,1575.7575757575758,1696.969696969697,1818.1818181818182,1939.3939393939395,2060.6060606060605,2181.818181818182,2303.030303030303,2424.2424242424245,2545.4545454545455,2666.666666666667,2787.878787878788,2909.090909090909,3030.3030303030305,3151.5151515151515,3272.727272727273,3393.939393939394,3515.1515151515155,3515.1515151515155,3636.3636363636365,3757.575757575758,3878.787878787879,4000.0,4121.212121212121,4242.424242424243,4363.636363636364,4484.848484848485,4606.060606060606,4606.060606060606,4727.272727272728,4848.484848484849,4969.69696969697,5090.909090909091,5212.121212121212,5333.333333333334,5454.545454545455,5575.757575757576,5575.757575757576,5696.969696969697,5818.181818181818,5939.39393939394,6060.606060606061,6181.818181818182,6303.030303030303,6424.242424242425,6545.454545454546,6545.454545454546,6666.666666666667,6787.878787878788,6909.090909090909,7030.303030303031,7151.515151515152,7272.727272727273,7393.939393939394,7393.939393939394,7515.151515151516,7636.363636363637,7757.575757575758,7878.787878787879,8000.0,8121.212121212122,8242.424242424242,8242.424242424242,8363.636363636364,8484.848484848486,8606.060606060606,8727.272727272728,8848.484848484848,8969.69696969697,9090.909090909092,9090.909090909092,9212.121212121212,9333.333333333334,9454.545454545456,9575.757575757576,9696.969696969698,9818.181818181818,9818.181818181818,9939.39393939394,10060.606060606062,10181.818181818182,10303.030303030304,10424.242424242424
0.2777777777777777,0.0,0.0,0.0,0.0,0.0,0.0,0.0,0.0,0.0,0.0,0.0,0.0,0.0,0.0,0.0,0.0,969.6969696969697,1212.1212121212122,1333.3333333333335,1454.5454545454545,1696.969696969697,1818.1818181818182,1939.3939393939395,2060.6060606060605,2181.818181818182,2303.030303030303,2424.2424242424245,2545.4545454545455,2666.666666666667,2787.878787878788,2909.090909090909,3030.3030303030305,3151.5151515151515,3272.727272727273,3393.939393939394,3515.1515151515155,3636.3636363636365,3757.575757575758,3878.787878787879,3878.787878787879,4000.0,4121.212121212121,4242.424242424243,4363.636363636364,4484.848484848485,4606.060606060606,4727.272727272728,4848.484848484849,4969.69696969697,5090.909090909091,5090.909090909091,5212.121212121212,5333.333333333334,5454.545454545455,5575.757575757576,5696.969696969697,5818.181818181818,5939.39393939394,6060.606060606061,6060.606060606061,6181.818181818182,6303.030303030303,6424.242424242425,6545.454545454546,6666.666666666667,6787.878787878788,6909.090909090909,7030.303030303031,7030.303030303031,7151.515151515152,7272.727272727273,7393.939393939394,7515.151515151516,7636.363636363637,7757.575757575758,7878.787878787879,7878.787878787879,8000.0,8121.212121212122,8242.424242424242,8363.636363636364,8484.848484848486,8606.060606060606,8727.272727272728,8727.272727272728,8848.484848484848,8969.69696969697,9090.909090909092,9212.121212121212,9333.333333333334,9454.545454545456,9575.757575757576,9696.969696969698,9696.969696969698,9818.181818181818,9939.39393939394,10060.606060606062,10181.818181818182,10303.030303030304,10424.242424242424
0.3282828282828283,0.0,0.0,0.0,0.0,0.0,0.0,0.0,0.0,0.0,0.0,0.0,0.0,0.0,0.0,0.0,0.0,0.0,0.0,0.0,1090.909090909091,1333.3333333333335,1575.7575757575758,1696.969696969697,1818.1818181818182,1939.3939393939395,2181.818181818182,2303.030303030303,2424.2424242424245,2545.4545454545455,2666.666666666667,2787.878787878788,2909.090909090909,3030.3030303030305,3151.5151515151515,3272.727272727273,3393.939393939394,3515.1515151515155,3636.3636363636365,3757.575757575758,3878.787878787879,4000.0,4121.212121212121,4242.424242424243,4242.424242424243,4363.636363636364,4484.848484848485,4606.060606060606,4727.272727272728,4848.484848484849,4969.69696969697,5090.909090909091,5212.121212121212,5333.333333333334,5454.545454545455,5454.545454545455,5575.757575757576,5696.969696969697,5818.181818181818,5939.39393939394,6060.606060606061,6181.818181818182,6303.030303030303,6424.242424242425,6545.454545454546,6545.454545454546,6666.666666666667,6787.878787878788,6909.090909090909,7030.303030303031,7151.515151515152,7272.727272727273,7393.939393939394,7515.151515151516,7515.151515151516,7636.363636363637,7757.575757575758,7878.787878787879,8000.0,8121.212121212122,8242.424242424242,8363.636363636364,8484.848484848486,8484.848484848486,8606.060606060606,8727.272727272728,8848.484848484848,8969.69696969697,9090.909090909092,9212.121212121212,9333.333333333334,9333.333333333334,9454.545454545456,9575.757575757576,9696.969696969698,9818.181818181818,9939.39393939394,10060.606060606062,10181.818181818182,10181.818181818182,10303.030303030304
0.3787878787878789,0.0,0.0,0.0,0.0,0.0,0.0,0.0,0.0,0.0,0.0,0.0,0.0,0.0,0.0,0.0,0.0,0.0,0.0,0.0,0.0,0.0,848.4848484848485,1212.1212121212122,1454.5454545454545,1696.969696969697,1939.3939393939395,2060.6060606060605,2181.818181818182,2303.030303030303,2424.2424242424245,2666.666666666667,2787.878787878788,2909.090909090909,3030.3030303030305,3151.5151515151515,3272.727272727273,3393.939393939394,3515.1515151515155,3636.3636363636365,3757.575757575758,3878.787878787879,4000.0,4121.212121212121,4242.424242424243,4363.636363636364,4484.848484848485,4484.848484848485,4606.060606060606,4727.272727272728,4848.484848484849,4969.69696969697,5090.909090909091,5212.121212121212,5333.333333333334,5454.545454545455,5575.757575757576,5696.969696969697,5818.181818181818,5939.39393939394,5939.39393939394,6060.606060606061,6181.818181818182,6303.030303030303,6424.242424242425,6545.454545454546,6666.666666666667,6787.878787878788,6909.090909090909,7030.303030303031,7030.303030303031,7151.515151515152,7272.727272727273,7393.939393939394,7515.151515151516,7636.363636363637,7757.575757575758,7878.787878787879,8000.0,8000.0,8121.212121212122,8242.424242424242,8363.636363636364,8484.848484848486,8606.060606060606,8727.272727272728,8848.484848484848,8969.69696969697,8969.69696969697,9090.909090909092,9212.121212121212,9333.333333333334,9454.545454545456,9575.757575757576,9696.969696969698,9818.181818181818,9818.181818181818,9939.39393939394,10060.606060606062,10181.818181818182,10303.030303030304
0.42929292929292906,0.0,0.0,0.0,0.0,0.0,0.0,0.0,0.0,0.0,0.0,0.0,0.0,0.0,0.0,0.0,0.0,0.0,0.0,0.0,0.0,0.0,0.0,0.0,0.0,1090.909090909091,1454.5454545454545,1696.969696969697,1939.3939393939395,2060.6060606060605,2181.818181818182,2424.2424242424245,2545.4545454545455,2666.666666666667,2787.878787878788,2909.090909090909,3030.3030303030305,3272.727272727273,3393.939393939394,3515.1515151515155,3636.3636363636365,3757.575757575758,3878.787878787879,4000.0,4121.212121212121,4242.424242424243,4363.636363636364,4484.848484848485,4606.060606060606,4606.060606060606,4727.272727272728,4848.484848484849,4969.69696969697,5090.909090909091,5212.121212121212,5333.333333333334,5454.545454545455,5575.757575757576,5696.969696969697,5818.181818181818,5939.39393939394,6060.606060606061,6181.818181818182,6303.030303030303,6303.030303030303,6424.242424242425,6545.454545454546,6666.666666666667,6787.878787878788,6909.090909090909,7030.303030303031,7151.515151515152,7272.727272727273,7393.939393939394,7393.939393939394,7515.151515151516,7636.363636363637,7757.575757575758,7878.787878787879,8000.0,8121.212121212122,8242.424242424242,8363.636363636364,8484.848484848486,8484.848484848486,8606.060606060606,8727.272727272728,8848.484848484848,8969.69696969697,9090.909090909092,9212.121212121212,9333.333333333334,9454.545454545456,9454.545454545456,9575.757575757576,9696.969696969698,9818.181818181818,9939.39393939394,10060.606060606062,10181.818181818182,10303.030303030304
0.47979797979797967,0.0,0.0,0.0,0.0,0.0,0.0,0.0,0.0,0.0,0.0,0.0,0.0,0.0,0.0,0.0,0.0,0.0,0.0,0.0,0.0,0.0,0.0,0.0,0.0,0.0,0.0,0.0,1333.3333333333335,1575.7575757575758,1818.1818181818182,2060.6060606060605,2303.030303030303,2424.2424242424245,2545.4545454545455,2787.878787878788,2909.090909090909,3030.3030303030305,3151.5151515151515,3272.727272727273,3393.939393939394,3515.1515151515155,3636.3636363636365,3757.575757575758,3878.787878787879,4000.0,4121.212121212121,4363.636363636364,4363.636363636364,4484.848484848485,4606.060606060606,4727.272727272728,4848.484848484849,4969.69696969697,5090.909090909091,5212.121212121212,5333.333333333334,5454.545454545455,5575.757575757576,5696.969696969697,5818.181818181818,5939.39393939394,6060.606060606061,6181.818181818182,6303.030303030303,6424.242424242425,6545.454545454546,6545.454545454546,6666.666666666667,6787.878787878788,6909.090909090909,7030.303030303031,7151.515151515152,7272.727272727273,7393.939393939394,7515.151515151516,7636.363636363637,7757.575757575758,7878.787878787879,7878.787878787879,8000.0,8121.212121212122,8242.424242424242,8363.636363636364,8484.848484848486,8606.060606060606,8727.272727272728,8848.484848484848,8969.69696969697,8969.69696969697,9090.909090909092,9212.121212121212,9333.333333333334,9454.545454545456,9575.757575757576,9696.969696969698,9818.181818181818,9939.39393939394,9939.39393939394,10060.606060606062,10181.818181818182
0.5303030303030303,0.0,0.0,0.0,0.0,0.0,0.0,0.0,0.0,0.0,0.0,0.0,0.0,0.0,0.0,0.0,0.0,0.0,0.0,0.0,0.0,0.0,0.0,0.0,0.0,0.0,0.0,0.0,0.0,0.0,0.0,1454.5454545454545,1818.1818181818182,2060.6060606060605,2303.030303030303,2424.2424242424245,2666.666666666667,2787.878787878788,2909.090909090909,3030.3030303030305,3272.727272727273,3393.939393939394,3515.1515151515155,3636.3636363636365,3757.575757575758,3878.787878787879,4000.0,4121.212121212121,4242.424242424243,4363.636363636364,4484.848484848485,4606.060606060606,4727.272727272728,4848.484848484849,4969.69696969697,5090.909090909091,5212.121212121212,5333.333333333334,5454.545454545455,5575.757575757576,5696.969696969697,5818.181818181818,5939.39393939394,6060.606060606061,6181.818181818182,6303.030303030303,6424.242424242425,6545.454545454546,6666.666666666667,6787.878787878788,6909.090909090909,6909.090909090909,7030.303030303031,7151.515151515152,7272.727272727273,7393.939393939394,7515.151515151516,7636.363636363637,7757.575757575758,7878.787878787879,8000.0,8121.212121212122,8242.424242424242,8242.424242424242,8363.636363636364,8484.848484848486,8606.060606060606,8727.272727272728,8848.484848484848,8969.69696969697,9090.909090909092,9212.121212121212,9333.333333333334,9333.333333333334,9454.545454545456,9575.757575757576,9696.969696969698,9818.181818181818,9939.39393939394,10060.606060606062,10181.818181818182
0.5808080808080809,0.0,0.0,0.0,0.0,0.0,0.0,0.0,0.0,0.0,0.0,0.0,0.0,0.0,0.0,0.0,0.0,0.0,0.0,0.0,0.0,0.0,0.0,0.0,0.0,0.0,0.0,0.0,0.0,0.0,0.0,0.0,0.0,0.0,1696.969696969697,1939.3939393939395,2181.818181818182,2424.2424242424245,2666.666666666667,2787.878787878788,2909.090909090909,3151.5151515151515,3272.727272727273,3393.939393939394,3515.1515151515155,3757.575757575758,3878.787878787879,4000.0,4121.212121212121,4242.424242424243,4363.636363636364,4484.848484848485,4606.060606060606,4727.272727272728,4848.484848484849,4969.69696969697,5090.909090909091,5212.121212121212,5333.333333333334,5454.545454545455,5575.757575757576,5696.969696969697,5818.181818181818,5939.39393939394,6060.606060606061,6181.818181818182,6303.030303030303,6424.242424242425,6545.454545454546,6666.666666666667,6787.878787878788,6909.090909090909,7030.303030303031,7151.515151515152,7151.515151515152,7272.727272727273,7393.939393939394,7515.151515151516,7636.363636363637,7757.575757575758,7878.787878787879,8000.0,8121.212121212122,8242.424242424242,8363.636363636364,8484.848484848486,8606.060606060606,8606.060606060606,8727.272727272728,8848.484848484848,8969.69696969697,9090.909090909092,9212.121212121212,9333.333333333334,9454.545454545456,9575.757575757576,9696.969696969698,9818.181818181818,9818.181818181818,9939.39393939394,10060.606060606062
0.631313131313131,0.0,0.0,0.0,0.0,0.0,0.0,0.0,0.0,0.0,0.0,0.0,0.0,0.0,0.0,0.0,0.0,0.0,0.0,0.0,0.0,0.0,0.0,0.0,0.0,0.0,0.0,0.0,0.0,0.0,0.0,0.0,0.0,0.0,0.0,0.0,1333.3333333333335,1818.1818181818182,2181.818181818182,2424.2424242424245,2666.666666666667,2787.878787878788,3030.3030303030305,3151.5151515151515,3272.727272727273,3515.1515151515155,3636.3636363636365,3757.575757575758,3878.787878787879,4000.0,4121.212121212121,4363.636363636364,4484.848484848485,4606.060606060606,4727.272727272728,4848.484848484849,4969.69696969697,5090.909090909091,5212.121212121212,5333.333333333334,5454.545454545455,5575.757575757576,5696.969696969697,5818.181818181818,5939.39393939394,6060.606060606061,6181.818181818182,6303.030303030303,6424.242424242425,6545.454545454546,6666.666666666667,6787.878787878788,6909.090909090909,7030.303030303031,7151.515151515152,7272.727272727273,7393.939393939394,7393.939393939394,7515.151515151516,7636.363636363637,7757.575757575758,7878.787878787879,8000.0,8121.212121212122,8242.424242424242,8363.636363636364,8484.848484848486,8606.060606060606,8727.272727272728,8848.484848484848,8969.69696969697,8969.69696969697,9090.909090909092,9212.121212121212,9333.333333333334,9454.545454545456,9575.757575757576,9696.969696969698,9818.181818181818,9939.39393939394,10060.606060606062
0.6818181818181817,0.0,0.0,0.0,0.0,0.0,0.0,0.0,0.0,0.0,0.0,0.0,0.0,0.0,0.0,0.0,0.0,0.0,0.0,0.0,0.0,0.0,0.0,0.0,0.0,0.0,0.0,0.0,0.0,0.0,0.0,0.0,0.0,0.0,0.0,0.0,0.0,0.0,0.0,1575.7575757575758,2060.6060606060605,2303.030303030303,2545.4545454545455,2787.878787878788,3030.3030303030305,3151.5151515151515,3393.939393939394,3515.1515151515155,3636.3636363636365,3757.575757575758,4000.0,4121.212121212121,4242.424242424243,4363.636363636364,4484.848484848485,4606.060606060606,4727.272727272728,4969.69696969697,5090.909090909091,5212.121212121212,5333.333333333334,5454.545454545455,5575.757575757576,5696.969696969697,5818.181818181818,5939.39393939394,6060.606060606061,6181.818181818182,6303.030303030303,6424.242424242425,6545.454545454546,6666.666666666667,6787.878787878788,6909.090909090909,7030.303030303031,7151.515151515152,7272.727272727273,7393.939393939394,7515.151515151516,7515.151515151516,7636.363636363637,7757.575757575758,7878.787878787879,8000.0,8121.212121212122,8242.424242424242,8363.636363636364,8484.848484848486,8606.060606060606,8727.272727272728,8848.484848484848,8969.69696969697,9090.909090909092,9212.121212121212,9333.333333333334,9333.333333333334,9454.545454545456,9575.757575757576,9696.969696969698,9818.181818181818,9939.39393939394
0.7323232323232323,0.0,0.0,0.0,0.0,0.0,0.0,0.0,0.0,0.0,0.0,0.0,0.0,0.0,0.0,0.0,0.0,0.0,0.0,0.0,0.0,0.0,0.0,0.0,0.0,0.0,0.0,0.0,0.0,0.0,0.0,0.0,0.0,0.0,0.0,0.0,0.0,0.0,0.0,0.0,0.0,0.0,1818.1818181818182,2181.818181818182,2545.4545454545455,2787.878787878788,2909.090909090909,3151.5151515151515,3393.939393939394,3515.1515151515155,3636.3636363636365,3878.787878787879,4000.0,4121.212121212121,4242.424242424243,4484.848484848485,4606.060606060606,4727.272727272728,4848.484848484849,4969.69696969697,5090.909090909091,5212.121212121212,5333.333333333334,5575.757575757576,5696.969696969697,5818.181818181818,5939.39393939394,6060.606060606061,6181.818181818182,6303.030303030303,6424.242424242425,6545.454545454546,6666.666666666667,6787.878787878788,6909.090909090909,7030.303030303031,7151.515151515152,7272.727272727273,7393.939393939394,7515.151515151516,7636.363636363637,7636.363636363637,7757.575757575758,7878.787878787879,8000.0,8121.212121212122,8242.424242424242,8363.636363636364,8484.848484848486,8606.060606060606,8727.272727272728,8848.484848484848,8969.69696969697,9090.909090909092,9212.121212121212,9333.333333333334,9454.545454545456,9575.757575757576,9575.757575757576,9696.969696969698,9818.181818181818
0.7828282828282829,0.0,0.0,0.0,0.0,0.0,0.0,0.0,0.0,0.0,0.0,0.0,0.0,0.0,0.0,0.0,0.0,0.0,0.0,0.0,0.0,0.0,0.0,0.0,0.0,0.0,0.0,0.0,0.0,0.0,0.0,0.0,0.0,0.0,0.0,0.0,0.0,0.0,0.0,0.0,0.0,0.0,0.0,0.0,0.0,2060.6060606060605,2424.2424242424245,2666.666666666667,2909.090909090909,3151.5151515151515,3393.939393939394,3515.1515151515155,3757.575757575758,3878.787878787879,4000.0,4242.424242424243,4363.636363636364,4484.848484848485,4606.060606060606,4727.272727272728,4969.69696969697,5090.909090909091,5212.121212121212,5333.333333333334,5454.545454545455,5575.757575757576,5696.969696969697,5818.181818181818,5939.39393939394,6060.606060606061,6181.818181818182,6303.030303030303,6545.454545454546,6666.666666666667,6787.878787878788,6909.090909090909,7030.303030303031,7151.515151515152,7272.727272727273,7393.939393939394,7515.151515151516,7515.151515151516,7636.363636363637,7757.575757575758,7878.787878787879,8000.0,8121.212121212122,8242.424242424242,8363.636363636364,8484.848484848486,8606.060606060606,8727.272727272728,8848.484848484848,8969.69696969697,9090.909090909092,9212.121212121212,9333.333333333334,9454.545454545456,9575.757575757576,9696.969696969698,9818.181818181818
0.8333333333333335,0.0,0.0,0.0,0.0,0.0,0.0,0.0,0.0,0.0,0.0,0.0,0.0,0.0,0.0,0.0,0.0,0.0,0.0,0.0,0.0,0.0,0.0,0.0,0.0,0.0,0.0,0.0,0.0,0.0,0.0,0.0,0.0,0.0,0.0,0.0,0.0,0.0,0.0,0.0,0.0,0.0,0.0,0.0,0.0,0.0,0.0,1212.1212121212122,2181.818181818182,2545.4545454545455,2909.090909090909,3151.5151515151515,3272.727272727273,3515.1515151515155,3757.575757575758,3878.787878787879,4121.212121212121,4242.424242424243,4363.636363636364,4484.848484848485,4727.272727272728,4848.484848484849,4969.69696969697,5090.909090909091,5212.121212121212,5454.545454545455,5575.757575757576,5696.969696969697,5818.181818181818,5939.39393939394,6060.606060606061,6181.818181818182,6303.030303030303,6424.242424242425,6545.454545454546,6666.666666666667,6787.878787878788,6909.090909090909,7030.303030303031,7151.515151515152,7272.727272727273,7393.939393939394,7515.151515151516,7636.363636363637,7757.575757575758,7878.787878787879,8000.0,8121.212121212122,8242.424242424242,8363.636363636364,8484.848484848486,8606.060606060606,8727.272727272728,8848.484848484848,8969.69696969697,9090.909090909092,9212.121212121212,9333.333333333334,9454.545454545456,9575.757575757576,9696.969696969698
0.8838383838383836,0.0,0.0,0.0,0.0,0.0,0.0,0.0,0.0,0.0,0.0,0.0,0.0,0.0,0.0,0.0,0.0,0.0,0.0,0.0,0.0,0.0,0.0,0.0,0.0,0.0,0.0,0.0,0.0,0.0,0.0,0.0,0.0,0.0,0.0,0.0,0.0,0.0,0.0,0.0,0.0,0.0,0.0,0.0,0.0,0.0,0.0,0.0,0.0,0.0,1818.1818181818182,2424.2424242424245,2787.878787878788,3030.3030303030305,3272.727272727273,3515.1515151515155,3757.575757575758,3878.787878787879,4121.212121212121,4242.424242424243,4363.636363636364,4606.060606060606,4727.272727272728,4848.484848484849,5090.909090909091,5212.121212121212,5333.333333333334,5454.545454545455,5575.757575757576,5696.969696969697,5818.181818181818,6060.606060606061,6181.818181818182,6303.030303030303,6424.242424242425,6545.454545454546,6666.666666666667,6787.878787878788,6909.090909090909,7030.303030303031,7151.515151515152,7272.727272727273,7393.939393939394,7515.151515151516,7636.363636363637,7757.575757575758,7878.787878787879,8000.0,8121.212121212122,8242.424242424242,8363.636363636364,8484.848484848486,8606.060606060606,8727.272727272728,8848.484848484848,8969.69696969697,9090.909090909092,9212.121212121212,9333.333333333334,9454.545454545456,9575.757575757576
0.9343434343434343,0.0,0.0,0.0,0.0,0.0,0.0,0.0,0.0,0.0,0.0,0.0,0.0,0.0,0.0,0.0,0.0,0.0,0.0,0.0,0.0,0.0,0.0,0.0,0.0,0.0,0.0,0.0,0.0,0.0,0.0,0.0,0.0,0.0,0.0,0.0,0.0,0.0,0.0,0.0,0.0,0.0,0.0,0.0,0.0,0.0,0.0,0.0,0.0,0.0,0.0,0.0,0.0,2060.6060606060605,2545.4545454545455,2909.090909090909,3272.727272727273,3515.1515151515155,3636.3636363636365,3878.787878787879,4121.212121212121,4242.424242424243,4484.848484848485,4606.060606060606,4727.272727272728,4969.69696969697,5090.909090909091,5212.121212121212,5333.333333333334,5575.757575757576,5696.969696969697,5818.181818181818,5939.39393939394,6060.606060606061,6181.818181818182,6303.030303030303,6545.454545454546,6666.666666666667,6787.878787878788,6909.090909090909,7030.303030303031,7151.515151515152,7272.727272727273,7393.939393939394,7515.151515151516,7636.363636363637,7757.575757575758,7878.787878787879,8000.0,8121.212121212122,8242.424242424242,8363.636363636364,8484.848484848486,8606.060606060606,8727.272727272728,8848.484848484848,8969.69696969697,9090.909090909092,9212.121212121212,9333.333333333334,9454.545454545456
0.9848484848484849,0.0,0.0,0.0,0.0,0.0,0.0,0.0,0.0,0.0,0.0,0.0,0.0,0.0,0.0,0.0,0.0,0.0,0.0,0.0,0.0,0.0,0.0,0.0,0.0,0.0,0.0,0.0,0.0,0.0,0.0,0.0,0.0,0.0,0.0,0.0,0.0,0.0,0.0,0.0,0.0,0.0,0.0,0.0,0.0,0.0,0.0,0.0,0.0,0.0,0.0,0.0,0.0,0.0,0.0,0.0,2303.030303030303,2787.878787878788,3151.5151515151515,3393.939393939394,3636.3636363636365,3878.787878787879,4121.212121212121,4242.424242424243,4484.848484848485,4606.060606060606,4727.272727272728,4969.69696969697,5090.909090909091,5212.121212121212,5454.545454545455,5575.757575757576,5696.969696969697,5818.181818181818,6060.606060606061,6181.818181818182,6303.030303030303,6424.242424242425,6545.454545454546,6666.666666666667,6787.878787878788,6909.090909090909,7030.303030303031,7272.727272727273,7393.939393939394,7515.151515151516,7636.363636363637,7757.575757575758,7878.787878787879,8000.0,8121.212121212122,8242.424242424242,8363.636363636364,8484.848484848486,8606.060606060606,8727.272727272728,8848.484848484848,8969.69696969697,9090.909090909092,9212.121212121212,9333.333333333334
1.0353535353535355,0.0,0.0,0.0,0.0,0.0,0.0,0.0,0.0,0.0,0.0,0.0,0.0,0.0,0.0,0.0,0.0,0.0,0.0,0.0,0.0,0.0,0.0,0.0,0.0,0.0,0.0,0.0,0.0,0.0,0.0,0.0,0.0,0.0,0.0,0.0,0.0,0.0,0.0,0.0,0.0,0.0,0.0,0.0,0.0,0.0,0.0,0.0,0.0,0.0,0.0,0.0,0.0,0.0,0.0,0.0,0.0,0.0,0.0,2545.4545454545455,2909.090909090909,3272.727272727273,3515.1515151515155,3757.575757575758,4000.0,4242.424242424243,4484.848484848485,4606.060606060606,4848.484848484849,4969.69696969697,5090.909090909091,5333.333333333334,5454.545454545455,5575.757575757576,5818.181818181818,5939.39393939394,6060.606060606061,6181.818181818182,6303.030303030303,6545.454545454546,6666.666666666667,6787.878787878788,6909.090909090909,7030.303030303031,7151.515151515152,7272.727272727273,7393.939393939394,7515.151515151516,7636.363636363637,7757.575757575758,8000.0,8121.212121212122,8242.424242424242,8363.636363636364,8484.848484848486,8606.060606060606,8727.272727272728,8848.484848484848,8969.69696969697,9090.909090909092,9212.121212121212
1.0858585858585856,0.0,0.0,0.0,0.0,0.0,0.0,0.0,0.0,0.0,0.0,0.0,0.0,0.0,0.0,0.0,0.0,0.0,0.0,0.0,0.0,0.0,0.0,0.0,0.0,0.0,0.0,0.0,0.0,0.0,0.0,0.0,0.0,0.0,0.0,0.0,0.0,0.0,0.0,0.0,0.0,0.0,0.0,0.0,0.0,0.0,0.0,0.0,0.0,0.0,0.0,0.0,0.0,0.0,0.0,0.0,0.0,0.0,0.0,0.0,0.0,1818.1818181818182,2787.878787878788,3151.5151515151515,3515.1515151515155,3757.575757575758,4000.0,4242.424242424243,4363.636363636364,4606.060606060606,4848.484848484849,4969.69696969697,5212.121212121212,5333.333333333334,5454.545454545455,5696.969696969697,5818.181818181818,5939.39393939394,6060.606060606061,6303.030303030303,6424.242424242425,6545.454545454546,6666.666666666667,6787.878787878788,6909.090909090909,7151.515151515152,7272.727272727273,7393.939393939394,7515.151515151516,7636.363636363637,7757.575757575758,7878.787878787879,8000.0,8121.212121212122,8242.424242424242,8363.636363636364,8484.848484848486,8606.060606060606,8727.272727272728,8969.69696969697,9090.909090909092
1.1363636363636362,0.0,0.0,0.0,0.0,0.0,0.0,0.0,0.0,0.0,0.0,0.0,0.0,0.0,0.0,0.0,0.0,0.0,0.0,0.0,0.0,0.0,0.0,0.0,0.0,0.0,0.0,0.0,0.0,0.0,0.0,0.0,0.0,0.0,0.0,0.0,0.0,0.0,0.0,0.0,0.0,0.0,0.0,0.0,0.0,0.0,0.0,0.0,0.0,0.0,0.0,0.0,0.0,0.0,0.0,0.0,0.0,0.0,0.0,0.0,0.0,0.0,0.0,0.0,2181.818181818182,2909.090909090909,3393.939393939394,3636.3636363636365,3878.787878787879,4121.212121212121,4363.636363636364,4606.060606060606,4848.484848484849,4969.69696969697,5212.121212121212,5333.333333333334,5454.545454545455,5696.969696969697,5818.181818181818,5939.39393939394,6181.818181818182,6303.030303030303,6424.242424242425,6545.454545454546,6787.878787878788,6909.090909090909,7030.303030303031,7151.515151515152,7272.727272727273,7393.939393939394,7636.363636363637,7757.575757575758,7878.787878787879,8000.0,8121.212121212122,8242.424242424242,8363.636363636364,8484.848484848486,8606.060606060606,8727.272727272728,8848.484848484848
1.1868686868686869,0.0,0.0,0.0,0.0,0.0,0.0,0.0,0.0,0.0,0.0,0.0,0.0,0.0,0.0,0.0,0.0,0.0,0.0,0.0,0.0,0.0,0.0,0.0,0.0,0.0,0.0,0.0,0.0,0.0,0.0,0.0,0.0,0.0,0.0,0.0,0.0,0.0,0.0,0.0,0.0,0.0,0.0,0.0,0.0,0.0,0.0,0.0,0.0,0.0,0.0,0.0,0.0,0.0,0.0,0.0,0.0,0.0,0.0,0.0,0.0,0.0,0.0,0.0,0.0,0.0,0.0,2545.4545454545455,3151.5151515151515,3515.1515151515155,3878.787878787879,4121.212121212121,4363.636363636364,4606.060606060606,4727.272727272728,4969.69696969697,5212.121212121212,5333.333333333334,5575.757575757576,5696.969696969697,5818.181818181818,6060.606060606061,6181.818181818182,6303.030303030303,6545.454545454546,6666.666666666667,6787.878787878788,6909.090909090909,7030.303030303031,7272.727272727273,7393.939393939394,7515.151515151516,7636.363636363637,7757.575757575758,7878.787878787879,8000.0,8242.424242424242,8363.636363636364,8484.848484848486,8606.060606060606,8727.272727272728
1.2373737373737375,0.0,0.0,0.0,0.0,0.0,0.0,0.0,0.0,0.0,0.0,0.0,0.0,0.0,0.0,0.0,0.0,0.0,0.0,0.0,0.0,0.0,0.0,0.0,0.0,0.0,0.0,0.0,0.0,0.0,0.0,0.0,0.0,0.0,0.0,0.0,0.0,0.0,0.0,0.0,0.0,0.0,0.0,0.0,0.0,0.0,0.0,0.0,0.0,0.0,0.0,0.0,0.0,0.0,0.0,0.0,0.0,0.0,0.0,0.0,0.0,0.0,0.0,0.0,0.0,0.0,0.0,0.0,0.0,0.0,2787.878787878788,3272.727272727273,3757.575757575758,4000.0,4242.424242424243,4484.848484848485,4727.272727272728,4969.69696969697,5212.121212121212,5333.333333333334,5575.757575757576,5696.969696969697,5939.39393939394,6060.606060606061,6181.818181818182,6424.242424242425,6545.454545454546,6666.666666666667,6787.878787878788,7030.303030303031,7151.515151515152,7272.727272727273,7393.939393939394,7515.151515151516,7757.575757575758,7878.787878787879,8000.0,8121.212121212122,8242.424242424242,8363.636363636364,8484.848484848486
1.2878787878787876,0.0,0.0,0.0,0.0,0.0,0.0,0.0,0.0,0.0,0.0,0.0,0.0,0.0,0.0,0.0,0.0,0.0,0.0,0.0,0.0,0.0,0.0,0.0,0.0,0.0,0.0,0.0,0.0,0.0,0.0,0.0,0.0,0.0,0.0,0.0,0.0,0.0,0.0,0.0,0.0,0.0,0.0,0.0,0.0,0.0,0.0,0.0,0.0,0.0,0.0,0.0,0.0,0.0,0.0,0.0,0.0,0.0,0.0,0.0,0.0,0.0,0.0,0.0,0.0,0.0,0.0,0.0,0.0,0.0,0.0,0.0,0.0,3030.3030303030305,3515.1515151515155,3878.787878787879,4242.424242424243,4484.848484848485,4727.272727272728,4969.69696969697,5090.909090909091,5333.333333333334,5575.757575757576,5696.969696969697,5939.39393939394,6060.606060606061,6181.818181818182,6424.242424242425,6545.454545454546,6666.666666666667,6909.090909090909,7030.303030303031,7151.515151515152,7393.939393939394,7515.151515151516,7636.363636363637,7757.575757575758,7878.787878787879,8000.0,8242.424242424242,8363.636363636364
1.3383838383838382,0.0,0.0,0.0,0.0,0.0,0.0,0.0,0.0,0.0,0.0,0.0,0.0,0.0,0.0,0.0,0.0,0.0,0.0,0.0,0.0,0.0,0.0,0.0,0.0,0.0,0.0,0.0,0.0,0.0,0.0,0.0,0.0,0.0,0.0,0.0,0.0,0.0,0.0,0.0,0.0,0.0,0.0,0.0,0.0,0.0,0.0,0.0,0.0,0.0,0.0,0.0,0.0,0.0,0.0,0.0,0.0,0.0,0.0,0.0,0.0,0.0,0.0,0.0,0.0,0.0,0.0,0.0,0.0,0.0,0.0,0.0,0.0,0.0,0.0,2303.030303030303,3272.727272727273,3757.575757575758,4121.212121212121,4363.636363636364,4606.060606060606,4848.484848484849,5090.909090909091,5333.333333333334,5575.757575757576,5696.969696969697,5939.39393939394,6060.606060606061,6303.030303030303,6424.242424242425,6545.454545454546,6787.878787878788,6909.090909090909,7030.303030303031,7272.727272727273,7393.939393939394,7515.151515151516,7636.363636363637,7878.787878787879,8000.0,8121.212121212122
1.3888888888888888,0.0,0.0,0.0,0.0,0.0,0.0,0.0,0.0,0.0,0.0,0.0,0.0,0.0,0.0,0.0,0.0,0.0,0.0,0.0,0.0,0.0,0.0,0.0,0.0,0.0,0.0,0.0,0.0,0.0,0.0,0.0,0.0,0.0,0.0,0.0,0.0,0.0,0.0,0.0,0.0,0.0,0.0,0.0,0.0,0.0,0.0,0.0,0.0,0.0,0.0,0.0,0.0,0.0,0.0,0.0,0.0,0.0,0.0,0.0,0.0,0.0,0.0,0.0,0.0,0.0,0.0,0.0,0.0,0.0,0.0,0.0,0.0,0.0,0.0,0.0,0.0,0.0,2666.666666666667,3393.939393939394,3878.787878787879,4242.424242424243,4484.848484848485,4848.484848484849,5090.909090909091,5333.333333333334,5454.545454545455,5696.969696969697,5939.39393939394,6060.606060606061,6303.030303030303,6424.242424242425,6666.666666666667,6787.878787878788,6909.090909090909,7151.515151515152,7272.727272727273,7393.939393939394,7515.151515151516,7757.575757575758,7878.787878787879
1.4393939393939394,0.0,0.0,0.0,0.0,0.0,0.0,0.0,0.0,0.0,0.0,0.0,0.0,0.0,0.0,0.0,0.0,0.0,0.0,0.0,0.0,0.0,0.0,0.0,0.0,0.0,0.0,0.0,0.0,0.0,0.0,0.0,0.0,0.0,0.0,0.0,0.0,0.0,0.0,0.0,0.0,0.0,0.0,0.0,0.0,0.0,0.0,0.0,0.0,0.0,0.0,0.0,0.0,0.0,0.0,0.0,0.0,0.0,0.0,0.0,0.0,0.0,0.0,0.0,0.0,0.0,0.0,0.0,0.0,0.0,0.0,0.0,0.0,0.0,0.0,0.0,0.0,0.0,0.0,0.0,0.0,3030.3030303030305,3636.3636363636365,4121.212121212121,4484.848484848485,4727.272727272728,4969.69696969697,5212.121212121212,5454.545454545455,5696.969696969697,5818.181818181818,6060.606060606061,6303.030303030303,6424.242424242425,6666.666666666667,6787.878787878788,6909.090909090909,7151.515151515152,7272.727272727273,7393.939393939394,7636.363636363637
1.4898989898989896,0.0,0.0,0.0,0.0,0.0,0.0,0.0,0.0,0.0,0.0,0.0,0.0,0.0,0.0,0.0,0.0,0.0,0.0,0.0,0.0,0.0,0.0,0.0,0.0,0.0,0.0,0.0,0.0,0.0,0.0,0.0,0.0,0.0,0.0,0.0,0.0,0.0,0.0,0.0,0.0,0.0,0.0,0.0,0.0,0.0,0.0,0.0,0.0,0.0,0.0,0.0,0.0,0.0,0.0,0.0,0.0,0.0,0.0,0.0,0.0,0.0,0.0,0.0,0.0,0.0,0.0,0.0,0.0,0.0,0.0,0.0,0.0,0.0,0.0,0.0,0.0,0.0,0.0,0.0,0.0,0.0,0.0,0.0,3272.727272727273,3878.787878787879,4242.424242424243,4606.060606060606,4848.484848484849,5212.121212121212,5454.545454545455,5575.757575757576,5818.181818181818,6060.606060606061,6303.030303030303,6424.242424242425,6666.666666666667,6787.878787878788,7030.303030303031,7151.515151515152,7272.727272727273
1.5404040404040407,0.0,0.0,0.0,0.0,0.0,0.0,0.0,0.0,0.0,0.0,0.0,0.0,0.0,0.0,0.0,0.0,0.0,0.0,0.0,0.0,0.0,0.0,0.0,0.0,0.0,0.0,0.0,0.0,0.0,0.0,0.0,0.0,0.0,0.0,0.0,0.0,0.0,0.0,0.0,0.0,0.0,0.0,0.0,0.0,0.0,0.0,0.0,0.0,0.0,0.0,0.0,0.0,0.0,0.0,0.0,0.0,0.0,0.0,0.0,0.0,0.0,0.0,0.0,0.0,0.0,0.0,0.0,0.0,0.0,0.0,0.0,0.0,0.0,0.0,0.0,0.0,0.0,0.0,0.0,0.0,0.0,0.0,0.0,0.0,0.0,0.0,3515.1515151515155,4000.0,4484.848484848485,4727.272727272728,5090.909090909091,5333.333333333334,5575.757575757576,5818.181818181818,6060.606060606061,6181.818181818182,6424.242424242425,6666.666666666667,6787.878787878788,7030.303030303031
1.5909090909090908,0.0,0.0,0.0,0.0,0.0,0.0,0.0,0.0,0.0,0.0,0.0,0.0,0.0,0.0,0.0,0.0,0.0,0.0,0.0,0.0,0.0,0.0,0.0,0.0,0.0,0.0,0.0,0.0,0.0,0.0,0.0,0.0,0.0,0.0,0.0,0.0,0.0,0.0,0.0,0.0,0.0,0.0,0.0,0.0,0.0,0.0,0.0,0.0,0.0,0.0,0.0,0.0,0.0,0.0,0.0,0.0,0.0,0.0,0.0,0.0,0.0,0.0,0.0,0.0,0.0,0.0,0.0,0.0,0.0,0.0,0.0,0.0,0.0,0.0,0.0,0.0,0.0,0.0,0.0,0.0,0.0,0.0,0.0,0.0,0.0,0.0,0.0,0.0,2787.878787878788,3757.575757575758,4242.424242424243,4606.060606060606,4969.69696969697,5212.121212121212,5575.757575757576,5818.181818181818,5939.39393939394,6181.818181818182,6424.242424242425,6666.666666666667
1.641414141414141,0.0,0.0,0.0,0.0,0.0,0.0,0.0,0.0,0.0,0.0,0.0,0.0,0.0,0.0,0.0,0.0,0.0,0.0,0.0,0.0,0.0,0.0,0.0,0.0,0.0,0.0,0.0,0.0,0.0,0.0,0.0,0.0,0.0,0.0,0.0,0.0,0.0,0.0,0.0,0.0,0.0,0.0,0.0,0.0,0.0,0.0,0.0,0.0,0.0,0.0,0.0,0.0,0.0,0.0,0.0,0.0,0.0,0.0,0.0,0.0,0.0,0.0,0.0,0.0,0.0,0.0,0.0,0.0,0.0,0.0,0.0,0.0,0.0,0.0,0.0,0.0,0.0,0.0,0.0,0.0,0.0,0.0,0.0,0.0,0.0,0.0,0.0,0.0,0.0,0.0,0.0,3151.5151515151515,4000.0,4484.848484848485,4848.484848484849,5090.909090909091,5454.545454545455,5696.969696969697,5939.39393939394,6181.818181818182
1.691919191919192,0.0,0.0,0.0,0.0,0.0,0.0,0.0,0.0,0.0,0.0,0.0,0.0,0.0,0.0,0.0,0.0,0.0,0.0,0.0,0.0,0.0,0.0,0.0,0.0,0.0,0.0,0.0,0.0,0.0,0.0,0.0,0.0,0.0,0.0,0.0,0.0,0.0,0.0,0.0,0.0,0.0,0.0,0.0,0.0,0.0,0.0,0.0,0.0,0.0,0.0,0.0,0.0,0.0,0.0,0.0,0.0,0.0,0.0,0.0,0.0,0.0,0.0,0.0,0.0,0.0,0.0,0.0,0.0,0.0,0.0,0.0,0.0,0.0,0.0,0.0,0.0,0.0,0.0,0.0,0.0,0.0,0.0,0.0,0.0,0.0,0.0,0.0,0.0,0.0,0.0,0.0,0.0,0.0,0.0,3515.1515151515155,4121.212121212121,4606.060606060606,4969.69696969697,5333.333333333334,5575.757575757576
1.7424242424242422,0.0,0.0,0.0,0.0,0.0,0.0,0.0,0.0,0.0,0.0,0.0,0.0,0.0,0.0,0.0,0.0,0.0,0.0,0.0,0.0,0.0,0.0,0.0,0.0,0.0,0.0,0.0,0.0,0.0,0.0,0.0,0.0,0.0,0.0,0.0,0.0,0.0,0.0,0.0,0.0,0.0,0.0,0.0,0.0,0.0,0.0,0.0,0.0,0.0,0.0,0.0,0.0,0.0,0.0,0.0,0.0,0.0,0.0,0.0,0.0,0.0,0.0,0.0,0.0,0.0,0.0,0.0,0.0,0.0,0.0,0.0,0.0,0.0,0.0,0.0,0.0,0.0,0.0,0.0,0.0,0.0,0.0,0.0,0.0,0.0,0.0,0.0,0.0,0.0,0.0,0.0,0.0,0.0,0.0,0.0,0.0,0.0,3757.575757575758,4363.636363636364,4848.484848484849
1.7929292929292933,0.0,0.0,0.0,0.0,0.0,0.0,0.0,0.0,0.0,0.0,0.0,0.0,0.0,0.0,0.0,0.0,0.0,0.0,0.0,0.0,0.0,0.0,0.0,0.0,0.0,0.0,0.0,0.0,0.0,0.0,0.0,0.0,0.0,0.0,0.0,0.0,0.0,0.0,0.0,0.0,0.0,0.0,0.0,0.0,0.0,0.0,0.0,0.0,0.0,0.0,0.0,0.0,0.0,0.0,0.0,0.0,0.0,0.0,0.0,0.0,0.0,0.0,0.0,0.0,0.0,0.0,0.0,0.0,0.0,0.0,0.0,0.0,0.0,0.0,0.0,0.0,0.0,0.0,0.0,0.0,0.0,0.0,0.0,0.0,0.0,0.0,0.0,0.0,0.0,0.0,0.0,0.0,0.0,0.0,0.0,0.0,0.0,0.0,0.0,2424.2424242424245
1.8434343434343434,0.0,0.0,0.0,0.0,0.0,0.0,0.0,0.0,0.0,0.0,0.0,0.0,0.0,0.0,0.0,0.0,0.0,0.0,0.0,0.0,0.0,0.0,0.0,0.0,0.0,0.0,0.0,0.0,0.0,0.0,0.0,0.0,0.0,0.0,0.0,0.0,0.0,0.0,0.0,0.0,0.0,0.0,0.0,0.0,0.0,0.0,0.0,0.0,0.0,0.0,0.0,0.0,0.0,0.0,0.0,0.0,0.0,0.0,0.0,0.0,0.0,0.0,0.0,0.0,0.0,0.0,0.0,0.0,0.0,0.0,0.0,0.0,0.0,0.0,0.0,0.0,0.0,0.0,0.0,0.0,0.0,0.0,0.0,0.0,0.0,0.0,0.0,0.0,0.0,0.0,0.0,0.0,0.0,0.0,0.0,0.0,0.0,0.0,0.0,0.0
1.8939393939393936,0.0,0.0,0.0,0.0,0.0,0.0,0.0,0.0,0.0,0.0,0.0,0.0,0.0,0.0,0.0,0.0,0.0,0.0,0.0,0.0,0.0,0.0,0.0,0.0,0.0,0.0,0.0,0.0,0.0,0.0,0.0,0.0,0.0,0.0,0.0,0.0,0.0,0.0,0.0,0.0,0.0,0.0,0.0,0.0,0.0,0.0,0.0,0.0,0.0,0.0,0.0,0.0,0.0,0.0,0.0,0.0,0.0,0.0,0.0,0.0,0.0,0.0,0.0,0.0,0.0,0.0,0.0,0.0,0.0,0.0,0.0,0.0,0.0,0.0,0.0,0.0,0.0,0.0,0.0,0.0,0.0,0.0,0.0,0.0,0.0,0.0,0.0,0.0,0.0,0.0,0.0,0.0,0.0,0.0,0.0,0.0,0.0,0.0,0.0,0.0
1.9444444444444446,0.0,0.0,0.0,0.0,0.0,0.0,0.0,0.0,0.0,0.0,0.0,0.0,0.0,0.0,0.0,0.0,0.0,0.0,0.0,0.0,0.0,0.0,0.0,0.0,0.0,0.0,0.0,0.0,0.0,0.0,0.0,0.0,0.0,0.0,0.0,0.0,0.0,0.0,0.0,0.0,0.0,0.0,0.0,0.0,0.0,0.0,0.0,0.0,0.0,0.0,0.0,0.0,0.0,0.0,0.0,0.0,0.0,0.0,0.0,0.0,0.0,0.0,0.0,0.0,0.0,0.0,0.0,0.0,0.0,0.0,0.0,0.0,0.0,0.0,0.0,0.0,0.0,0.0,0.0,0.0,0.0,0.0,0.0,0.0,0.0,0.0,0.0,0.0,0.0,0.0,0.0,0.0,0.0,0.0,0.0,0.0,0.0,0.0,0.0,0.0
1.9949494949494948,0.0,0.0,0.0,0.0,0.0,0.0,0.0,0.0,0.0,0.0,0.0,0.0,0.0,0.0,0.0,0.0,0.0,0.0,0.0,0.0,0.0,0.0,0.0,0.0,0.0,0.0,0.0,0.0,0.0,0.0,0.0,0.0,0.0,0.0,0.0,0.0,0.0,0.0,0.0,0.0,0.0,0.0,0.0,0.0,0.0,0.0,0.0,0.0,0.0,0.0,0.0,0.0,0.0,0.0,0.0,0.0,0.0,0.0,0.0,0.0,0.0,0.0,0.0,0.0,0.0,0.0,0.0,0.0,0.0,0.0,0.0,0.0,0.0,0.0,0.0,0.0,0.0,0.0,0.0,0.0,0.0,0.0,0.0,0.0,0.0,0.0,0.0,0.0,0.0,0.0,0.0,0.0,0.0,0.0,0.0,0.0,0.0,0.0,0.0,0.0
2.045454545454545,0.0,0.0,0.0,0.0,0.0,0.0,0.0,0.0,0.0,0.0,0.0,0.0,0.0,0.0,0.0,0.0,0.0,0.0,0.0,0.0,0.0,0.0,0.0,0.0,0.0,0.0,0.0,0.0,0.0,0.0,0.0,0.0,0.0,0.0,0.0,0.0,0.0,0.0,0.0,0.0,0.0,0.0,0.0,0.0,0.0,0.0,0.0,0.0,0.0,0.0,0.0,0.0,0.0,0.0,0.0,0.0,0.0,0.0,0.0,0.0,0.0,0.0,0.0,0.0,0.0,0.0,0.0,0.0,0.0,0.0,0.0,0.0,0.0,0.0,0.0,0.0,0.0,0.0,0.0,0.0,0.0,0.0,0.0,0.0,0.0,0.0,0.0,0.0,0.0,0.0,0.0,0.0,0.0,0.0,0.0,0.0,0.0,0.0,0.0,0.0
2.095959595959596,0.0,0.0,0.0,0.0,0.0,0.0,0.0,0.0,0.0,0.0,0.0,0.0,0.0,0.0,0.0,0.0,0.0,0.0,0.0,0.0,0.0,0.0,0.0,0.0,0.0,0.0,0.0,0.0,0.0,0.0,0.0,0.0,0.0,0.0,0.0,0.0,0.0,0.0,0.0,0.0,0.0,0.0,0.0,0.0,0.0,0.0,0.0,0.0,0.0,0.0,0.0,0.0,0.0,0.0,0.0,0.0,0.0,0.0,0.0,0.0,0.0,0.0,0.0,0.0,0.0,0.0,0.0,0.0,0.0,0.0,0.0,0.0,0.0,0.0,0.0,0.0,0.0,0.0,0.0,0.0,0.0,0.0,0.0,0.0,0.0,0.0,0.0,0.0,0.0,0.0,0.0,0.0,0.0,0.0,0.0,0.0,0.0,0.0,0.0,0.0
2.146464646464646,0.0,0.0,0.0,0.0,0.0,0.0,0.0,0.0,0.0,0.0,0.0,0.0,0.0,0.0,0.0,0.0,0.0,0.0,0.0,0.0,0.0,0.0,0.0,0.0,0.0,0.0,0.0,0.0,0.0,0.0,0.0,0.0,0.0,0.0,0.0,0.0,0.0,0.0,0.0,0.0,0.0,0.0,0.0,0.0,0.0,0.0,0.0,0.0,0.0,0.0,0.0,0.0,0.0,0.0,0.0,0.0,0.0,0.0,0.0,0.0,0.0,0.0,0.0,0.0,0.0,0.0,0.0,0.0,0.0,0.0,0.0,0.0,0.0,0.0,0.0,0.0,0.0,0.0,0.0,0.0,0.0,0.0,0.0,0.0,0.0,0.0,0.0,0.0,0.0,0.0,0.0,0.0,0.0,0.0,0.0,0.0,0.0,0.0,0.0,0.0
2.1969696969696972,0.0,0.0,0.0,0.0,0.0,0.0,0.0,0.0,0.0,0.0,0.0,0.0,0.0,0.0,0.0,0.0,0.0,0.0,0.0,0.0,0.0,0.0,0.0,0.0,0.0,0.0,0.0,0.0,0.0,0.0,0.0,0.0,0.0,0.0,0.0,0.0,0.0,0.0,0.0,0.0,0.0,0.0,0.0,0.0,0.0,0.0,0.0,0.0,0.0,0.0,0.0,0.0,0.0,0.0,0.0,0.0,0.0,0.0,0.0,0.0,0.0,0.0,0.0,0.0,0.0,0.0,0.0,0.0,0.0,0.0,0.0,0.0,0.0,0.0,0.0,0.0,0.0,0.0,0.0,0.0,0.0,0.0,0.0,0.0,0.0,0.0,0.0,0.0,0.0,0.0,0.0,0.0,0.0,0.0,0.0,0.0,0.0,0.0,0.0,0.0
2.2474747474747474,0.0,0.0,0.0,0.0,0.0,0.0,0.0,0.0,0.0,0.0,0.0,0.0,0.0,0.0,0.0,0.0,0.0,0.0,0.0,0.0,0.0,0.0,0.0,0.0,0.0,0.0,0.0,0.0,0.0,0.0,0.0,0.0,0.0,0.0,0.0,0.0,0.0,0.0,0.0,0.0,0.0,0.0,0.0,0.0,0.0,0.0,0.0,0.0,0.0,0.0,0.0,0.0,0.0,0.0,0.0,0.0,0.0,0.0,0.0,0.0,0.0,0.0,0.0,0.0,0.0,0.0,0.0,0.0,0.0,0.0,0.0,0.0,0.0,0.0,0.0,0.0,0.0,0.0,0.0,0.0,0.0,0.0,0.0,0.0,0.0,0.0,0.0,0.0,0.0,0.0,0.0,0.0,0.0,0.0,0.0,0.0,0.0,0.0,0.0,0.0
2.2979797979797976,0.0,0.0,0.0,0.0,0.0,0.0,0.0,0.0,0.0,0.0,0.0,0.0,0.0,0.0,0.0,0.0,0.0,0.0,0.0,0.0,0.0,0.0,0.0,0.0,0.0,0.0,0.0,0.0,0.0,0.0,0.0,0.0,0.0,0.0,0.0,0.0,0.0,0.0,0.0,0.0,0.0,0.0,0.0,0.0,0.0,0.0,0.0,0.0,0.0,0.0,0.0,0.0,0.0,0.0,0.0,0.0,0.0,0.0,0.0,0.0,0.0,0.0,0.0,0.0,0.0,0.0,0.0,0.0,0.0,0.0,0.0,0.0,0.0,0.0,0.0,0.0,0.0,0.0,0.0,0.0,0.0,0.0,0.0,0.0,0.0,0.0,0.0,0.0,0.0,0.0,0.0,0.0,0.0,0.0,0.0,0.0,0.0,0.0,0.0,0.0
2.3484848484848486,0.0,0.0,0.0,0.0,0.0,0.0,0.0,0.0,0.0,0.0,0.0,0.0,0.0,0.0,0.0,0.0,0.0,0.0,0.0,0.0,0.0,0.0,0.0,0.0,0.0,0.0,0.0,0.0,0.0,0.0,0.0,0.0,0.0,0.0,0.0,0.0,0.0,0.0,0.0,0.0,0.0,0.0,0.0,0.0,0.0,0.0,0.0,0.0,0.0,0.0,0.0,0.0,0.0,0.0,0.0,0.0,0.0,0.0,0.0,0.0,0.0,0.0,0.0,0.0,0.0,0.0,0.0,0.0,0.0,0.0,0.0,0.0,0.0,0.0,0.0,0.0,0.0,0.0,0.0,0.0,0.0,0.0,0.0,0.0,0.0,0.0,0.0,0.0,0.0,0.0,0.0,0.0,0.0,0.0,0.0,0.0,0.0,0.0,0.0,0.0
2.398989898989899,0.0,0.0,0.0,0.0,0.0,0.0,0.0,0.0,0.0,0.0,0.0,0.0,0.0,0.0,0.0,0.0,0.0,0.0,0.0,0.0,0.0,0.0,0.0,0.0,0.0,0.0,0.0,0.0,0.0,0.0,0.0,0.0,0.0,0.0,0.0,0.0,0.0,0.0,0.0,0.0,0.0,0.0,0.0,0.0,0.0,0.0,0.0,0.0,0.0,0.0,0.0,0.0,0.0,0.0,0.0,0.0,0.0,0.0,0.0,0.0,0.0,0.0,0.0,0.0,0.0,0.0,0.0,0.0,0.0,0.0,0.0,0.0,0.0,0.0,0.0,0.0,0.0,0.0,0.0,0.0,0.0,0.0,0.0,0.0,0.0,0.0,0.0,0.0,0.0,0.0,0.0,0.0,0.0,0.0,0.0,0.0,0.0,0.0,0.0,0.0
2.44949494949495,0.0,0.0,0.0,0.0,0.0,0.0,0.0,0.0,0.0,0.0,0.0,0.0,0.0,0.0,0.0,0.0,0.0,0.0,0.0,0.0,0.0,0.0,0.0,0.0,0.0,0.0,0.0,0.0,0.0,0.0,0.0,0.0,0.0,0.0,0.0,0.0,0.0,0.0,0.0,0.0,0.0,0.0,0.0,0.0,0.0,0.0,0.0,0.0,0.0,0.0,0.0,0.0,0.0,0.0,0.0,0.0,0.0,0.0,0.0,0.0,0.0,0.0,0.0,0.0,0.0,0.0,0.0,0.0,0.0,0.0,0.0,0.0,0.0,0.0,0.0,0.0,0.0,0.0,0.0,0.0,0.0,0.0,0.0,0.0,0.0,0.0,0.0,0.0,0.0,0.0,0.0,0.0,0.0,0.0,0.0,0.0,0.0,0.0,0.0,0.0
2.5,0.0,0.0,0.0,0.0,0.0,0.0,0.0,0.0,0.0,0.0,0.0,0.0,0.0,0.0,0.0,0.0,0.0,0.0,0.0,0.0,0.0,0.0,0.0,0.0,0.0,0.0,0.0,0.0,0.0,0.0,0.0,0.0,0.0,0.0,0.0,0.0,0.0,0.0,0.0,0.0,0.0,0.0,0.0,0.0,0.0,0.0,0.0,0.0,0.0,0.0,0.0,0.0,0.0,0.0,0.0,0.0,0.0,0.0,0.0,0.0,0.0,0.0,0.0,0.0,0.0,0.0,0.0,0.0,0.0,0.0,0.0,0.0,0.0,0.0,0.0,0.0,0.0,0.0,0.0,0.0,0.0,0.0,0.0,0.0,0.0,0.0,0.0,0.0,0.0,0.0,0.0,0.0,0.0,0.0,0.0,0.0,0.0,0.0,0.0,0.0
