$E_D / meV$,149.99999999999997,150.60606060606062,151.21212121212122,151.81818181818178,152.4242424242424,153.030303030303,153.63636363636363,154.24242424242422,154.84848484848484,155.45454545454544,156.06060606060606,156.66666666666666,157.27272727272728,157.87878787878788,158.48484848484847,159.0909090909091,159.69696969696966,160.30303030303028,160.9090909090909,161.51515151515153,162.1212121212121,162.72727272727272,163.33333333333331,163.93939393939394,164.54545454545453,165.15151515151513,165.75757575757575,166.36363636363635,166.96969696969694,167.57575757575756,168.1818181818182,168.78787878787878,169.3939393939394,169.99999999999997,170.6060606060606,171.2121212121212,171.8181818181818,172.4242424242424,173.030303030303,173.63636363636363,174.24242424242422,174.84848484848484,175.45454545454544,176.06060606060603,176.66666666666663,177.27272727272725,177.87878787878785,178.48484848484847,179.0909090909091,179.6969696969697,180.3030303030303,180.9090909090909,181.5151515151515,182.1212121212121,182.72727272727272,183.33333333333331,183.93939393939394,184.54545454545453,185.15151515151513,185.75757575757575,186.36363636363635,186.96969696969694,187.57575757575754,188.18181818181816,188.78787878787875,189.3939393939394,190.0,190.60606060606062,191.21212121212122,191.81818181818184,192.4242424242424,193.030303030303,193.63636363636363,194.24242424242422,194.84848484848484,195.45454545454544,196.06060606060606,196.66666666666666,197.27272727272728,197.87878787878785,198.48484848484844,199.09090909090907,199.69696969696966,200.3030303030303,200.9090909090909,201.51515151515153,202.1212121212121,202.72727272727275,203.33333333333331,203.93939393939394,204.54545454545453,205.15151515151516,205.75757575757575,206.36363636363635,206.96969696969697,207.57575757575754,208.1818181818182,208.78787878787875,209.39393939393938,209.99999999999997
190.0,0.0,0.0,0.0,0.0,0.0,0.0,0.0,0.0,0.0,0.0,0.0,0.0,0.0,0.0,0.0,0.0,0.0,0.0,0.0,0.0,0.0,0.0,0.0,0.0,0.0,0.0,0.0,0.0,0.0,0.0,0.0,0.0,0.0,0.0,0.0,0.0,0.0,0.0,0.0,0.0,0.0,0.0,0.0,0.0,0.0,0.0,0.0,0.0,0.0,0.0,0.0,0.0,0.0,0.0,0.0,0.0,0.0,0.0,0.0,0.0,0.0,0.0,0.0,0.0,0.0,0.0,0.0,0.0,0.0,0.0,0.0,0.0,0.0,0.0,0.0,0.0,0.0,0.0,0.0,0.0,0.0,0.0,0.0,0.0,0.0,0.0,0.0,0.0,0.0,0.0,0.0,0.0,0.0,0.0,0.0,0.0,0.0,0.0,0.0,0.0
190.10101010101013,0.0,0.0,0.0,0.0,0.0,0.0,0.0,0.0,0.0,0.0,0.0,0.0,0.0,0.0,0.0,0.0,0.0,0.0,0.0,0.0,0.0,0.0,0.0,0.0,0.0,0.0,0.0,0.0,0.0,0.0,0.0,0.0,0.0,0.0,0.0,0.0,0.0,0.0,0.0,0.0,0.0,0.0,0.0,0.0,0.0,0.0,0.0,0.0,0.0,0.0,0.0,0.0,0.0,0.0,0.0,0.0,0.0,0.0,0.0,0.0,0.0,0.0,0.0,0.0,0.0,0.0,0.0,0.0,0.0,0.0,0.0,0.0,0.0,0.0,0.0,0.0,0.0,0.0,0.0,0.0,0.0,0.0,0.0,0.0,0.0,0.0,0.0,0.0,0.0,0.0,0.0,0.0,0.0,0.0,0.0,0.0,0.0,0.0,0.0,0.0
190.2020202020202,0.0,0.0,0.0,0.0,0.0,0.0,0.0,0.0,0.0,0.0,0.0,0.0,0.0,0.0,0.0,0.0,0.0,0.0,0.0,0.0,0.0,0.0,0.0,0.0,0.0,0.0,0.0,0.0,0.0,0.0,0.0,0.0,0.0,0.0,0.0,0.0,0.0,0.0,0.0,0.0,0.0,0.0,0.0,0.0,0.0,0.0,0.0,0.0,0.0,0.0,0.0,0.0,0.0,0.0,0.0,0.0,0.0,0.0,0.0,0.0,0.0,0.0,0.0,0.0,0.0,0.0,0.0,0.0,0.0,0.0,0.0,0.0,0.0,0.0,0.0,0.0,0.0,0.0,0.0,0.0,0.0,0.0,0.0,0.0,0.0,0.0,0.0,0.0,0.0,0.0,0.0,0.0,0.0,0.0,0.0,0.0,0.0,0.0,0.0,0.0
190.3030303030303,0.0,0.0,0.0,0.0,0.0,0.0,0.0,0.0,0.0,0.0,0.0,0.0,0.0,0.0,0.0,0.0,0.0,0.0,0.0,0.0,0.0,0.0,0.0,0.0,0.0,0.0,0.0,0.0,0.0,0.0,0.0,0.0,0.0,0.0,0.0,0.0,0.0,0.0,0.0,0.0,0.0,0.0,0.0,0.0,0.0,0.0,0.0,0.0,0.0,0.0,0.0,0.0,0.0,0.0,0.0,0.0,0.0,0.0,0.0,0.0,0.0,0.0,0.0,0.0,0.0,0.0,0.0,0.0,0.0,0.0,0.0,0.0,0.0,0.0,0.0,0.0,0.0,0.0,0.0,0.0,0.0,0.0,0.0,0.0,0.0,0.0,0.0,0.0,0.0,0.0,0.0,0.0,0.0,0.0,0.0,0.0,0.0,0.0,0.0,0.0
190.4040404040404,0.0,0.0,0.0,0.0,0.0,0.0,0.0,0.0,0.0,0.0,0.0,0.0,0.0,0.0,0.0,0.0,0.0,0.0,0.0,0.0,0.0,0.0,0.0,0.0,0.0,0.0,0.0,0.0,0.0,0.0,0.0,0.0,0.0,0.0,0.0,0.0,0.0,0.0,0.0,0.0,0.0,0.0,0.0,0.0,0.0,0.0,0.0,0.0,0.0,0.0,0.0,0.0,0.0,0.0,0.0,0.0,0.0,0.0,0.0,0.0,0.0,0.0,0.0,0.0,0.0,0.0,0.0,0.0,0.0,0.0,0.0,0.0,0.0,0.0,0.0,0.0,0.0,0.0,0.0,0.0,0.0,0.0,0.0,0.0,0.0,0.0,0.0,0.0,0.0,0.0,0.0,0.0,0.0,0.0,0.0,0.0,0.0,0.0,0.0,0.0
190.50505050505052,0.0,0.0,0.0,0.0,0.0,0.0,0.0,0.0,0.0,0.0,0.0,0.0,0.0,0.0,0.0,0.0,0.0,0.0,0.0,0.0,0.0,0.0,0.0,0.0,0.0,0.0,0.0,0.0,0.0,0.0,0.0,0.0,0.0,0.0,0.0,0.0,0.0,0.0,0.0,0.0,0.0,0.0,0.0,0.0,0.0,0.0,0.0,0.0,0.0,0.0,0.0,0.0,0.0,0.0,0.0,0.0,0.0,0.0,0.0,0.0,0.0,0.0,0.0,0.0,0.0,0.0,0.0,0.0,0.0,0.0,0.0,0.0,0.0,0.0,0.0,0.0,0.0,0.0,0.0,0.0,0.0,0.0,0.0,0.0,0.0,0.0,0.0,0.0,0.0,0.0,0.0,0.0,0.0,0.0,0.0,0.0,0.0,0.0,0.0,0.0
190.60606060606062,0.0,0.0,0.0,0.0,0.0,0.0,0.0,0.0,0.0,0.0,0.0,0.0,0.0,0.0,0.0,0.0,0.0,0.0,0.0,0.0,0.0,0.0,0.0,0.0,0.0,0.0,0.0,0.0,0.0,0.0,0.0,0.0,0.0,0.0,0.0,0.0,0.0,0.0,0.0,0.0,0.0,0.0,0.0,0.0,0.0,0.0,0.0,0.0,0.0,0.0,0.0,0.0,0.0,0.0,0.0,0.0,0.0,0.0,0.0,0.0,0.0,0.0,0.0,0.0,0.0,0.0,0.0,0.0,0.0,0.0,0.0,0.0,0.0,0.0,0.0,0.0,0.0,0.0,0.0,0.0,0.0,0.0,0.0,0.0,0.0,0.0,0.0,0.0,0.0,0.0,0.0,0.0,0.0,0.0,0.0,0.0,0.0,0.0,0.0,0.0
190.7070707070707,0.0,0.0,0.0,0.0,0.0,0.0,0.0,0.0,0.0,0.0,0.0,0.0,0.0,0.0,0.0,0.0,0.0,0.0,0.0,0.0,0.0,0.0,0.0,0.0,0.0,0.0,0.0,0.0,0.0,0.0,0.0,0.0,0.0,0.0,0.0,0.0,0.0,0.0,0.0,0.0,0.0,0.0,0.0,0.0,0.0,0.0,0.0,0.0,0.0,0.0,0.0,0.0,0.0,0.0,0.0,0.0,0.0,0.0,0.0,0.0,0.0,0.0,0.0,0.0,0.0,0.0,0.0,0.0,0.0,0.0,0.0,0.0,0.0,0.0,0.0,0.0,0.0,0.0,0.0,0.0,0.0,0.0,0.0,0.0,0.0,0.0,0.0,0.0,0.0,0.0,0.0,0.0,0.0,0.0,0.0,0.0,0.0,0.0,0.0,0.0
190.80808080808083,0.0,0.0,0.0,0.0,0.0,0.0,0.0,0.0,0.0,0.0,0.0,0.0,0.0,0.0,0.0,0.0,0.0,0.0,0.0,0.0,0.0,0.0,0.0,0.0,0.0,0.0,0.0,0.0,0.0,0.0,0.0,0.0,0.0,0.0,0.0,0.0,0.0,0.0,0.0,0.0,0.0,0.0,0.0,0.0,0.0,0.0,0.0,0.0,0.0,0.0,0.0,0.0,0.0,0.0,0.0,0.0,0.0,0.0,0.0,0.0,0.0,0.0,0.0,0.0,0.0,0.0,0.0,0.0,0.0,0.0,0.0,0.0,0.0,0.0,0.0,0.0,0.0,0.0,0.0,0.0,0.0,0.0,0.0,0.0,0.0,0.0,0.0,0.0,0.0,0.0,0.0,0.0,0.0,0.0,0.0,0.0,0.0,0.0,0.0,0.0
190.9090909090909,0.0,0.0,0.0,0.0,0.0,0.0,0.0,0.0,0.0,0.0,0.0,0.0,0.0,0.0,0.0,0.0,0.0,0.0,0.0,0.0,0.0,0.0,0.0,0.0,0.0,0.0,0.0,0.0,0.0,0.0,0.0,0.0,0.0,0.0,0.0,0.0,0.0,0.0,0.0,0.0,0.0,0.0,0.0,0.0,0.0,0.0,0.0,0.0,0.0,0.0,0.0,0.0,0.0,0.0,0.0,0.0,0.0,0.0,0.0,0.0,0.0,0.0,0.0,0.0,0.0,0.0,0.0,0.0,0.0,0.0,0.0,0.0,0.0,0.0,0.0,0.0,0.0,0.0,0.0,0.0,0.0,0.0,0.0,0.0,0.0,0.0,0.0,0.0,0.0,0.0,0.0,0.0,0.0,0.0,0.0,0.0,0.0,0.0,0.0,0.0
191.010101010101,0.0,0.0,0.0,0.0,0.0,0.0,0.0,0.0,0.0,0.0,0.0,0.0,0.0,0.0,0.0,0.0,0.0,0.0,0.0,0.0,0.0,0.0,0.0,0.0,0.0,0.0,0.0,0.0,0.0,0.0,0.0,0.0,0.0,0.0,0.0,0.0,0.0,0.0,0.0,0.0,0.0,0.0,0.0,0.0,0.0,0.0,0.0,0.0,0.0,0.0,0.0,0.0,0.0,0.0,0.0,0.0,0.0,0.0,0.0,0.0,0.0,0.0,0.0,0.0,0.0,0.0,0.0,0.0,0.0,0.0,0.0,0.0,0.0,0.0,0.0,0.0,0.0,0.0,0.0,0.0,0.0,0.0,0.0,0.0,0.0,0.0,0.0,0.0,0.0,0.0,0.0,0.0,0.0,0.0,0.0,0.0,0.0,0.0,0.0,0.0
191.11111111111114,0.0,0.0,0.0,0.0,0.0,0.0,0.0,0.0,0.0,0.0,0.0,0.0,0.0,0.0,0.0,0.0,0.0,0.0,0.0,0.0,0.0,0.0,0.0,0.0,0.0,0.0,0.0,0.0,0.0,0.0,0.0,0.0,0.0,0.0,0.0,0.0,0.0,0.0,0.0,0.0,0.0,0.0,0.0,0.0,0.0,0.0,0.0,0.0,0.0,0.0,0.0,0.0,0.0,0.0,0.0,0.0,0.0,0.0,0.0,0.0,0.0,0.0,0.0,0.0,0.0,0.0,0.0,0.0,0.0,0.0,0.0,0.0,0.0,0.0,0.0,0.0,0.0,0.0,0.0,0.0,0.0,0.0,0.0,0.0,0.0,0.0,0.0,0.0,0.0,0.0,0.0,0.0,0.0,0.0,0.0,0.0,0.0,0.0,0.0,0.0
191.21212121212122,0.0,0.0,0.0,0.0,0.0,0.0,0.0,0.0,0.0,0.0,0.0,0.0,0.0,0.0,0.0,0.0,0.0,0.0,0.0,0.0,0.0,0.0,0.0,0.0,0.0,0.0,0.0,0.0,0.0,0.0,0.0,0.0,0.0,0.0,0.0,0.0,0.0,0.0,0.0,0.0,0.0,0.0,0.0,0.0,0.0,0.0,0.0,0.0,0.0,0.0,0.0,0.0,0.0,0.0,0.0,0.0,0.0,0.0,0.0,0.0,0.0,0.0,0.0,0.0,0.0,0.0,0.0,0.0,0.0,0.0,0.0,0.0,0.0,0.0,0.0,0.0,0.0,0.0,0.0,0.0,0.0,0.0,0.0,0.0,0.0,0.0,0.0,0.0,0.0,0.0,0.0,0.0,0.0,0.0,0.0,0.0,0.0,0.0,0.0,0.0
191.31313131313132,0.0,0.0,0.0,0.0,0.0,0.0,0.0,0.0,0.0,0.0,0.0,0.0,0.0,0.0,0.0,0.0,0.0,0.0,0.0,0.0,0.0,0.0,0.0,0.0,0.0,0.0,0.0,0.0,0.0,0.0,0.0,0.0,0.0,0.0,0.0,0.0,0.0,0.0,0.0,0.0,0.0,0.0,0.0,0.0,0.0,0.0,0.0,0.0,0.0,0.0,0.0,0.0,0.0,0.0,0.0,0.0,0.0,0.0,0.0,0.0,0.0,0.0,0.0,0.0,0.0,0.0,0.0,0.0,0.0,0.0,0.0,0.0,0.0,0.0,0.0,0.0,0.0,0.0,0.0,0.0,0.0,0.0,0.0,0.0,0.0,0.0,0.0,0.0,0.0,0.0,0.0,0.0,0.0,0.0,0.0,0.0,0.0,0.0,0.0,0.0
191.4141414141414,0.0,0.0,0.0,0.0,0.0,0.0,0.0,0.0,0.0,0.0,0.0,0.0,0.0,0.0,0.0,0.0,0.0,0.0,0.0,0.0,0.0,0.0,0.0,0.0,0.0,0.0,0.0,0.0,0.0,0.0,0.0,0.0,0.0,0.0,0.0,0.0,0.0,0.0,0.0,0.0,0.0,0.0,0.0,0.0,0.0,0.0,0.0,0.0,0.0,0.0,0.0,0.0,0.0,0.0,0.0,0.0,0.0,0.0,0.0,0.0,0.0,0.0,0.0,0.0,0.0,0.0,0.0,0.0,0.0,0.0,0.0,0.0,0.0,0.0,0.0,0.0,0.0,0.0,0.0,0.0,0.0,0.0,0.0,0.0,0.0,0.0,0.0,0.0,0.0,0.0,0.0,0.0,0.0,0.0,0.0,0.0,0.0,0.0,0.0,0.0
191.51515151515153,0.0,0.0,0.0,0.0,0.0,0.0,0.0,0.0,0.0,0.0,0.0,0.0,0.0,0.0,0.0,0.0,0.0,0.0,0.0,0.0,0.0,0.0,0.0,0.0,0.0,0.0,0.0,0.0,0.0,0.0,0.0,0.0,0.0,0.0,0.0,0.0,0.0,0.0,0.0,0.0,0.0,0.0,0.0,0.0,0.0,0.0,0.0,0.0,0.0,0.0,0.0,0.0,0.0,0.0,0.0,0.0,0.0,0.0,0.0,0.0,0.0,0.0,0.0,0.0,0.0,0.0,0.0,0.0,0.0,0.0,0.0,0.0,0.0,0.0,0.0,0.0,0.0,0.0,0.0,0.0,0.0,0.0,0.0,0.0,0.0,0.0,0.0,0.0,0.0,0.0,0.0,0.0,0.0,0.0,0.0,0.0,0.0,0.0,0.0,0.0
191.61616161616163,0.0,0.0,0.0,0.0,0.0,0.0,0.0,0.0,0.0,0.0,0.0,0.0,0.0,0.0,0.0,0.0,0.0,0.0,0.0,0.0,0.0,0.0,0.0,0.0,0.0,0.0,0.0,0.0,0.0,0.0,0.0,0.0,0.0,0.0,0.0,0.0,0.0,0.0,0.0,0.0,0.0,0.0,0.0,0.0,0.0,0.0,0.0,0.0,0.0,0.0,0.0,0.0,0.0,0.0,0.0,0.0,0.0,0.0,0.0,0.0,0.0,0.0,0.0,0.0,0.0,0.0,0.0,0.0,0.0,0.0,0.0,0.0,0.0,0.0,0.0,0.0,0.0,0.0,0.0,0.0,0.0,0.0,0.0,0.0,0.0,0.0,0.0,0.0,0.0,0.0,0.0,0.0,0.0,0.0,0.0,0.0,0.0,0.0,0.0,0.0
191.7171717171717,0.0,0.0,0.0,0.0,0.0,0.0,0.0,0.0,0.0,0.0,0.0,0.0,0.0,0.0,0.0,0.0,0.0,0.0,0.0,0.0,0.0,0.0,0.0,0.0,0.0,0.0,0.0,0.0,0.0,0.0,0.0,0.0,0.0,0.0,0.0,0.0,0.0,0.0,0.0,0.0,0.0,0.0,0.0,0.0,0.0,0.0,0.0,0.0,0.0,0.0,0.0,0.0,0.0,0.0,0.0,0.0,0.0,0.0,0.0,0.0,0.0,0.0,0.0,0.0,0.0,0.0,0.0,0.0,0.0,0.0,0.0,0.0,0.0,0.0,0.0,0.0,0.0,0.0,0.0,0.0,0.0,0.0,0.0,0.0,0.0,0.0,0.0,0.0,0.0,0.0,0.0,0.0,0.0,0.0,0.0,0.0,0.0,0.0,0.0,0.0
191.81818181818184,0.0,0.0,0.0,0.0,0.0,0.0,0.0,0.0,0.0,0.0,0.0,0.0,0.0,0.0,0.0,0.0,0.0,0.0,0.0,0.0,0.0,0.0,0.0,0.0,0.0,0.0,0.0,0.0,0.0,0.0,0.0,0.0,0.0,0.0,0.0,0.0,0.0,0.0,0.0,0.0,0.0,0.0,0.0,0.0,0.0,0.0,0.0,0.0,0.0,0.0,0.0,0.0,0.0,0.0,0.0,0.0,0.0,0.0,0.0,0.0,0.0,0.0,0.0,0.0,0.0,0.0,0.0,0.0,0.0,0.0,0.0,0.0,0.0,0.0,0.0,0.0,0.0,0.0,0.0,0.0,0.0,0.0,0.0,0.0,0.0,0.0,0.0,0.0,0.0,0.0,0.0,0.0,0.0,0.0,0.0,0.0,0.0,0.0,0.0,36.36363636363637
191.91919191919195,0.0,0.0,0.0,0.0,0.0,0.0,0.0,0.0,0.0,0.0,0.0,0.0,0.0,0.0,0.0,0.0,0.0,0.0,0.0,0.0,0.0,0.0,0.0,0.0,0.0,0.0,0.0,0.0,0.0,0.0,0.0,0.0,0.0,0.0,0.0,0.0,0.0,0.0,0.0,0.0,0.0,0.0,0.0,0.0,0.0,0.0,0.0,0.0,0.0,0.0,0.0,0.0,0.0,0.0,0.0,0.0,0.0,0.0,0.0,0.0,0.0,0.0,0.0,0.0,0.0,0.0,0.0,0.0,0.0,0.0,0.0,0.0,0.0,0.0,0.0,0.0,0.0,0.0,0.0,0.0,0.0,0.0,0.0,0.0,0.0,0.0,0.0,0.0,0.0,0.0,0.0,0.0,0.0,0.0,0.0,0.0,0.0,0.0,38.38383838383839,52.525252525252526
192.02020202020202,0.0,0.0,0.0,0.0,0.0,0.0,0.0,0.0,0.0,0.0,0.0,0.0,0.0,0.0,0.0,0.0,0.0,0.0,0.0,0.0,0.0,0.0,0.0,0.0,0.0,0.0,0.0,0.0,0.0,0.0,0.0,0.0,0.0,0.0,0.0,0.0,0.0,0.0,0.0,0.0,0.0,0.0,0.0,0.0,0.0,0.0,0.0,0.0,0.0,0.0,0.0,0.0,0.0,0.0,0.0,0.0,0.0,0.0,0.0,0.0,0.0,0.0,0.0,0.0,0.0,0.0,0.0,0.0,0.0,0.0,0.0,0.0,0.0,0.0,0.0,0.0,0.0,0.0,0.0,0.0,0.0,0.0,0.0,0.0,0.0,0.0,0.0,0.0,0.0,0.0,0.0,0.0,0.0,0.0,0.0,0.0,0.0,38.38383838383839,52.525252525252526,60.60606060606061
192.12121212121212,0.0,0.0,0.0,0.0,0.0,0.0,0.0,0.0,0.0,0.0,0.0,0.0,0.0,0.0,0.0,0.0,0.0,0.0,0.0,0.0,0.0,0.0,0.0,0.0,0.0,0.0,0.0,0.0,0.0,0.0,0.0,0.0,0.0,0.0,0.0,0.0,0.0,0.0,0.0,0.0,0.0,0.0,0.0,0.0,0.0,0.0,0.0,0.0,0.0,0.0,0.0,0.0,0.0,0.0,0.0,0.0,0.0,0.0,0.0,0.0,0.0,0.0,0.0,0.0,0.0,0.0,0.0,0.0,0.0,0.0,0.0,0.0,0.0,0.0,0.0,0.0,0.0,0.0,0.0,0.0,0.0,0.0,0.0,0.0,0.0,0.0,0.0,0.0,0.0,0.0,0.0,0.0,0.0,0.0,0.0,0.0,38.38383838383839,52.525252525252526,58.58585858585859,64.64646464646465
192.22222222222223,0.0,0.0,0.0,0.0,0.0,0.0,0.0,0.0,0.0,0.0,0.0,0.0,0.0,0.0,0.0,0.0,0.0,0.0,0.0,0.0,0.0,0.0,0.0,0.0,0.0,0.0,0.0,0.0,0.0,0.0,0.0,0.0,0.0,0.0,0.0,0.0,0.0,0.0,0.0,0.0,0.0,0.0,0.0,0.0,0.0,0.0,0.0,0.0,0.0,0.0,0.0,0.0,0.0,0.0,0.0,0.0,0.0,0.0,0.0,0.0,0.0,0.0,0.0,0.0,0.0,0.0,0.0,0.0,0.0,0.0,0.0,0.0,0.0,0.0,0.0,0.0,0.0,0.0,0.0,0.0,0.0,0.0,0.0,0.0,0.0,0.0,0.0,0.0,0.0,0.0,0.0,0.0,0.0,0.0,0.0,38.38383838383839,52.525252525252526,58.58585858585859,64.64646464646465,68.68686868686869
192.32323232323233,0.0,0.0,0.0,0.0,0.0,0.0,0.0,0.0,0.0,0.0,0.0,0.0,0.0,0.0,0.0,0.0,0.0,0.0,0.0,0.0,0.0,0.0,0.0,0.0,0.0,0.0,0.0,0.0,0.0,0.0,0.0,0.0,0.0,0.0,0.0,0.0,0.0,0.0,0.0,0.0,0.0,0.0,0.0,0.0,0.0,0.0,0.0,0.0,0.0,0.0,0.0,0.0,0.0,0.0,0.0,0.0,0.0,0.0,0.0,0.0,0.0,0.0,0.0,0.0,0.0,0.0,0.0,0.0,0.0,0.0,0.0,0.0,0.0,0.0,0.0,0.0,0.0,0.0,0.0,0.0,0.0,0.0,0.0,0.0,0.0,0.0,0.0,0.0,0.0,0.0,0.0,0.0,0.0,0.0,38.38383838383839,52.525252525252526,58.58585858585859,64.64646464646465,68.68686868686869,72.72727272727273
192.42424242424244,0.0,0.0,0.0,0.0,0.0,0.0,0.0,0.0,0.0,0.0,0.0,0.0,0.0,0.0,0.0,0.0,0.0,0.0,0.0,0.0,0.0,0.0,0.0,0.0,0.0,0.0,0.0,0.0,0.0,0.0,0.0,0.0,0.0,0.0,0.0,0.0,0.0,0.0,0.0,0.0,0.0,0.0,0.0,0.0,0.0,0.0,0.0,0.0,0.0,0.0,0.0,0.0,0.0,0.0,0.0,0.0,0.0,0.0,0.0,0.0,0.0,0.0,0.0,0.0,0.0,0.0,0.0,0.0,0.0,0.0,0.0,0.0,0.0,0.0,0.0,0.0,0.0,0.0,0.0,0.0,0.0,0.0,0.0,0.0,0.0,0.0,0.0,0.0,0.0,0.0,0.0,0.0,0.0,40.40404040404041,52.525252525252526,58.58585858585859,64.64646464646465,68.68686868686869,72.72727272727273,76.76767676767678
192.5252525252525,0.0,0.0,0.0,0.0,0.0,0.0,0.0,0.0,0.0,0.0,0.0,0.0,0.0,0.0,0.0,0.0,0.0,0.0,0.0,0.0,0.0,0.0,0.0,0.0,0.0,0.0,0.0,0.0,0.0,0.0,0.0,0.0,0.0,0.0,0.0,0.0,0.0,0.0,0.0,0.0,0.0,0.0,0.0,0.0,0.0,0.0,0.0,0.0,0.0,0.0,0.0,0.0,0.0,0.0,0.0,0.0,0.0,0.0,0.0,0.0,0.0,0.0,0.0,0.0,0.0,0.0,0.0,0.0,0.0,0.0,0.0,0.0,0.0,0.0,0.0,0.0,0.0,0.0,0.0,0.0,0.0,0.0,0.0,0.0,0.0,0.0,0.0,0.0,0.0,0.0,0.0,0.0,40.40404040404041,52.525252525252526,58.58585858585859,64.64646464646465,68.68686868686869,72.72727272727273,76.76767676767678,80.80808080808082
192.62626262626264,0.0,0.0,0.0,0.0,0.0,0.0,0.0,0.0,0.0,0.0,0.0,0.0,0.0,0.0,0.0,0.0,0.0,0.0,0.0,0.0,0.0,0.0,0.0,0.0,0.0,0.0,0.0,0.0,0.0,0.0,0.0,0.0,0.0,0.0,0.0,0.0,0.0,0.0,0.0,0.0,0.0,0.0,0.0,0.0,0.0,0.0,0.0,0.0,0.0,0.0,0.0,0.0,0.0,0.0,0.0,0.0,0.0,0.0,0.0,0.0,0.0,0.0,0.0,0.0,0.0,0.0,0.0,0.0,0.0,0.0,0.0,0.0,0.0,0.0,0.0,0.0,0.0,0.0,0.0,0.0,0.0,0.0,0.0,0.0,0.0,0.0,0.0,0.0,0.0,0.0,0.0,40.40404040404041,52.525252525252526,58.58585858585859,64.64646464646465,68.68686868686869,72.72727272727273,76.76767676767678,78.7878787878788,82.82828282828284
192.72727272727272,0.0,0.0,0.0,0.0,0.0,0.0,0.0,0.0,0.0,0.0,0.0,0.0,0.0,0.0,0.0,0.0,0.0,0.0,0.0,0.0,0.0,0.0,0.0,0.0,0.0,0.0,0.0,0.0,0.0,0.0,0.0,0.0,0.0,0.0,0.0,0.0,0.0,0.0,0.0,0.0,0.0,0.0,0.0,0.0,0.0,0.0,0.0,0.0,0.0,0.0,0.0,0.0,0.0,0.0,0.0,0.0,0.0,0.0,0.0,0.0,0.0,0.0,0.0,0.0,0.0,0.0,0.0,0.0,0.0,0.0,0.0,0.0,0.0,0.0,0.0,0.0,0.0,0.0,0.0,0.0,0.0,0.0,0.0,0.0,0.0,0.0,0.0,0.0,0.0,0.0,40.40404040404041,52.525252525252526,58.58585858585859,64.64646464646465,68.68686868686869,72.72727272727273,76.76767676767678,78.7878787878788,82.82828282828284,84.84848484848486
192.82828282828282,0.0,0.0,0.0,0.0,0.0,0.0,0.0,0.0,0.0,0.0,0.0,0.0,0.0,0.0,0.0,0.0,0.0,0.0,0.0,0.0,0.0,0.0,0.0,0.0,0.0,0.0,0.0,0.0,0.0,0.0,0.0,0.0,0.0,0.0,0.0,0.0,0.0,0.0,0.0,0.0,0.0,0.0,0.0,0.0,0.0,0.0,0.0,0.0,0.0,0.0,0.0,0.0,0.0,0.0,0.0,0.0,0.0,0.0,0.0,0.0,0.0,0.0,0.0,0.0,0.0,0.0,0.0,0.0,0.0,0.0,0.0,0.0,0.0,0.0,0.0,0.0,0.0,0.0,0.0,0.0,0.0,0.0,0.0,0.0,0.0,0.0,0.0,0.0,0.0,40.40404040404041,52.525252525252526,58.58585858585859,64.64646464646465,68.68686868686869,72.72727272727273,74.74747474747475,78.7878787878788,82.82828282828284,84.84848484848486,88.8888888888889
192.92929292929296,0.0,0.0,0.0,0.0,0.0,0.0,0.0,0.0,0.0,0.0,0.0,0.0,0.0,0.0,0.0,0.0,0.0,0.0,0.0,0.0,0.0,0.0,0.0,0.0,0.0,0.0,0.0,0.0,0.0,0.0,0.0,0.0,0.0,0.0,0.0,0.0,0.0,0.0,0.0,0.0,0.0,0.0,0.0,0.0,0.0,0.0,0.0,0.0,0.0,0.0,0.0,0.0,0.0,0.0,0.0,0.0,0.0,0.0,0.0,0.0,0.0,0.0,0.0,0.0,0.0,0.0,0.0,0.0,0.0,0.0,0.0,0.0,0.0,0.0,0.0,0.0,0.0,0.0,0.0,0.0,0.0,0.0,0.0,0.0,0.0,0.0,0.0,0.0,40.40404040404041,52.525252525252526,58.58585858585859,62.62626262626263,68.68686868686869,72.72727272727273,74.74747474747475,78.7878787878788,82.82828282828284,84.84848484848486,86.86868686868688,90.90909090909092
193.03030303030303,0.0,0.0,0.0,0.0,0.0,0.0,0.0,0.0,0.0,0.0,0.0,0.0,0.0,0.0,0.0,0.0,0.0,0.0,0.0,0.0,0.0,0.0,0.0,0.0,0.0,0.0,0.0,0.0,0.0,0.0,0.0,0.0,0.0,0.0,0.0,0.0,0.0,0.0,0.0,0.0,0.0,0.0,0.0,0.0,0.0,0.0,0.0,0.0,0.0,0.0,0.0,0.0,0.0,0.0,0.0,0.0,0.0,0.0,0.0,0.0,0.0,0.0,0.0,0.0,0.0,0.0,0.0,0.0,0.0,0.0,0.0,0.0,0.0,0.0,0.0,0.0,0.0,0.0,0.0,0.0,0.0,0.0,0.0,0.0,0.0,0.0,0.0,40.40404040404041,52.525252525252526,58.58585858585859,62.62626262626263,68.68686868686869,70.70707070707071,74.74747474747475,78.7878787878788,80.80808080808082,84.84848484848486,86.86868686868688,90.90909090909092,92.92929292929294
193.13131313131314,0.0,0.0,0.0,0.0,0.0,0.0,0.0,0.0,0.0,0.0,0.0,0.0,0.0,0.0,0.0,0.0,0.0,0.0,0.0,0.0,0.0,0.0,0.0,0.0,0.0,0.0,0.0,0.0,0.0,0.0,0.0,0.0,0.0,0.0,0.0,0.0,0.0,0.0,0.0,0.0,0.0,0.0,0.0,0.0,0.0,0.0,0.0,0.0,0.0,0.0,0.0,0.0,0.0,0.0,0.0,0.0,0.0,0.0,0.0,0.0,0.0,0.0,0.0,0.0,0.0,0.0,0.0,0.0,0.0,0.0,0.0,0.0,0.0,0.0,0.0,0.0,0.0,0.0,0.0,0.0,0.0,0.0,0.0,0.0,0.0,0.0,40.40404040404041,52.525252525252526,58.58585858585859,62.62626262626263,66.66666666666667,70.70707070707071,74.74747474747475,78.7878787878788,80.80808080808082,84.84848484848486,86.86868686868688,88.8888888888889,92.92929292929294,94.94949494949496
193.2323232323232,0.0,0.0,0.0,0.0,0.0,0.0,0.0,0.0,0.0,0.0,0.0,0.0,0.0,0.0,0.0,0.0,0.0,0.0,0.0,0.0,0.0,0.0,0.0,0.0,0.0,0.0,0.0,0.0,0.0,0.0,0.0,0.0,0.0,0.0,0.0,0.0,0.0,0.0,0.0,0.0,0.0,0.0,0.0,0.0,0.0,0.0,0.0,0.0,0.0,0.0,0.0,0.0,0.0,0.0,0.0,0.0,0.0,0.0,0.0,0.0,0.0,0.0,0.0,0.0,0.0,0.0,0.0,0.0,0.0,0.0,0.0,0.0,0.0,0.0,0.0,0.0,0.0,0.0,0.0,0.0,0.0,0.0,0.0,0.0,0.0,42.42424242424243,52.525252525252526,58.58585858585859,62.62626262626263,66.66666666666667,70.70707070707071,74.74747474747475,78.7878787878788,80.80808080808082,84.84848484848486,86.86868686868688,88.8888888888889,92.92929292929294,94.94949494949496,96.96969696969697
193.33333333333334,0.0,0.0,0.0,0.0,0.0,0.0,0.0,0.0,0.0,0.0,0.0,0.0,0.0,0.0,0.0,0.0,0.0,0.0,0.0,0.0,0.0,0.0,0.0,0.0,0.0,0.0,0.0,0.0,0.0,0.0,0.0,0.0,0.0,0.0,0.0,0.0,0.0,0.0,0.0,0.0,0.0,0.0,0.0,0.0,0.0,0.0,0.0,0.0,0.0,0.0,0.0,0.0,0.0,0.0,0.0,0.0,0.0,0.0,0.0,0.0,0.0,0.0,0.0,0.0,0.0,0.0,0.0,0.0,0.0,0.0,0.0,0.0,0.0,0.0,0.0,0.0,0.0,0.0,0.0,0.0,0.0,0.0,0.0,0.0,42.42424242424243,52.525252525252526,58.58585858585859,62.62626262626263,66.66666666666667,70.70707070707071,74.74747474747475,76.76767676767678,80.80808080808082,82.82828282828284,86.86868686868688,88.8888888888889,90.90909090909092,94.94949494949496,96.96969696969697,98.98989898989899
193.43434343434345,0.0,0.0,0.0,0.0,0.0,0.0,0.0,0.0,0.0,0.0,0.0,0.0,0.0,0.0,0.0,0.0,0.0,0.0,0.0,0.0,0.0,0.0,0.0,0.0,0.0,0.0,0.0,0.0,0.0,0.0,0.0,0.0,0.0,0.0,0.0,0.0,0.0,0.0,0.0,0.0,0.0,0.0,0.0,0.0,0.0,0.0,0.0,0.0,0.0,0.0,0.0,0.0,0.0,0.0,0.0,0.0,0.0,0.0,0.0,0.0,0.0,0.0,0.0,0.0,0.0,0.0,0.0,0.0,0.0,0.0,0.0,0.0,0.0,0.0,0.0,0.0,0.0,0.0,0.0,0.0,0.0,0.0,0.0,42.42424242424243,52.525252525252526,58.58585858585859,62.62626262626263,66.66666666666667,70.70707070707071,74.74747474747475,76.76767676767678,80.80808080808082,82.82828282828284,86.86868686868688,88.8888888888889,90.90909090909092,94.94949494949496,96.96969696969697,98.98989898989899,101.01010101010101
193.53535353535352,0.0,0.0,0.0,0.0,0.0,0.0,0.0,0.0,0.0,0.0,0.0,0.0,0.0,0.0,0.0,0.0,0.0,0.0,0.0,0.0,0.0,0.0,0.0,0.0,0.0,0.0,0.0,0.0,0.0,0.0,0.0,0.0,0.0,0.0,0.0,0.0,0.0,0.0,0.0,0.0,0.0,0.0,0.0,0.0,0.0,0.0,0.0,0.0,0.0,0.0,0.0,0.0,0.0,0.0,0.0,0.0,0.0,0.0,0.0,0.0,0.0,0.0,0.0,0.0,0.0,0.0,0.0,0.0,0.0,0.0,0.0,0.0,0.0,0.0,0.0,0.0,0.0,0.0,0.0,0.0,0.0,0.0,42.42424242424243,50.505050505050505,58.58585858585859,62.62626262626263,66.66666666666667,70.70707070707071,74.74747474747475,76.76767676767678,80.80808080808082,82.82828282828284,86.86868686868688,88.8888888888889,90.90909090909092,92.92929292929294,96.96969696969697,98.98989898989899,101.01010101010101,103.03030303030303
193.63636363636365,0.0,0.0,0.0,0.0,0.0,0.0,0.0,0.0,0.0,0.0,0.0,0.0,0.0,0.0,0.0,0.0,0.0,0.0,0.0,0.0,0.0,0.0,0.0,0.0,0.0,0.0,0.0,0.0,0.0,0.0,0.0,0.0,0.0,0.0,0.0,0.0,0.0,0.0,0.0,0.0,0.0,0.0,0.0,0.0,0.0,0.0,0.0,0.0,0.0,0.0,0.0,0.0,0.0,0.0,0.0,0.0,0.0,0.0,0.0,0.0,0.0,0.0,0.0,0.0,0.0,0.0,0.0,0.0,0.0,0.0,0.0,0.0,0.0,0.0,0.0,0.0,0.0,0.0,0.0,0.0,0.0,42.42424242424243,50.505050505050505,56.56565656565657,62.62626262626263,66.66666666666667,70.70707070707071,74.74747474747475,76.76767676767678,80.80808080808082,82.82828282828284,84.84848484848486,88.8888888888889,90.90909090909092,92.92929292929294,94.94949494949496,98.98989898989899,101.01010101010101,103.03030303030303,105.05050505050505
193.73737373737373,0.0,0.0,0.0,0.0,0.0,0.0,0.0,0.0,0.0,0.0,0.0,0.0,0.0,0.0,0.0,0.0,0.0,0.0,0.0,0.0,0.0,0.0,0.0,0.0,0.0,0.0,0.0,0.0,0.0,0.0,0.0,0.0,0.0,0.0,0.0,0.0,0.0,0.0,0.0,0.0,0.0,0.0,0.0,0.0,0.0,0.0,0.0,0.0,0.0,0.0,0.0,0.0,0.0,0.0,0.0,0.0,0.0,0.0,0.0,0.0,0.0,0.0,0.0,0.0,0.0,0.0,0.0,0.0,0.0,0.0,0.0,0.0,0.0,0.0,0.0,0.0,0.0,0.0,0.0,0.0,42.42424242424243,50.505050505050505,56.56565656565657,62.62626262626263,66.66666666666667,70.70707070707071,72.72727272727273,76.76767676767678,78.7878787878788,82.82828282828284,84.84848484848486,88.8888888888889,90.90909090909092,92.92929292929294,94.94949494949496,96.96969696969697,101.01010101010101,103.03030303030303,105.05050505050505,107.07070707070707
193.83838383838383,0.0,0.0,0.0,0.0,0.0,0.0,0.0,0.0,0.0,0.0,0.0,0.0,0.0,0.0,0.0,0.0,0.0,0.0,0.0,0.0,0.0,0.0,0.0,0.0,0.0,0.0,0.0,0.0,0.0,0.0,0.0,0.0,0.0,0.0,0.0,0.0,0.0,0.0,0.0,0.0,0.0,0.0,0.0,0.0,0.0,0.0,0.0,0.0,0.0,0.0,0.0,0.0,0.0,0.0,0.0,0.0,0.0,0.0,0.0,0.0,0.0,0.0,0.0,0.0,0.0,0.0,0.0,0.0,0.0,0.0,0.0,0.0,0.0,0.0,0.0,0.0,0.0,0.0,0.0,42.42424242424243,50.505050505050505,56.56565656565657,62.62626262626263,66.66666666666667,70.70707070707071,72.72727272727273,76.76767676767678,78.7878787878788,82.82828282828284,84.84848484848486,86.86868686868688,90.90909090909092,92.92929292929294,94.94949494949496,96.96969696969697,98.98989898989899,103.03030303030303,105.05050505050505,107.07070707070707,109.0909090909091
193.93939393939397,0.0,0.0,0.0,0.0,0.0,0.0,0.0,0.0,0.0,0.0,0.0,0.0,0.0,0.0,0.0,0.0,0.0,0.0,0.0,0.0,0.0,0.0,0.0,0.0,0.0,0.0,0.0,0.0,0.0,0.0,0.0,0.0,0.0,0.0,0.0,0.0,0.0,0.0,0.0,0.0,0.0,0.0,0.0,0.0,0.0,0.0,0.0,0.0,0.0,0.0,0.0,0.0,0.0,0.0,0.0,0.0,0.0,0.0,0.0,0.0,0.0,0.0,0.0,0.0,0.0,0.0,0.0,0.0,0.0,0.0,0.0,0.0,0.0,0.0,0.0,0.0,0.0,0.0,42.42424242424243,50.505050505050505,56.56565656565657,62.62626262626263,66.66666666666667,68.68686868686869,72.72727272727273,76.76767676767678,78.7878787878788,82.82828282828284,84.84848484848486,86.86868686868688,90.90909090909092,92.92929292929294,94.94949494949496,96.96969696969697,98.98989898989899,101.01010101010101,103.03030303030303,107.07070707070707,109.0909090909091,111.11111111111111
194.04040404040404,0.0,0.0,0.0,0.0,0.0,0.0,0.0,0.0,0.0,0.0,0.0,0.0,0.0,0.0,0.0,0.0,0.0,0.0,0.0,0.0,0.0,0.0,0.0,0.0,0.0,0.0,0.0,0.0,0.0,0.0,0.0,0.0,0.0,0.0,0.0,0.0,0.0,0.0,0.0,0.0,0.0,0.0,0.0,0.0,0.0,0.0,0.0,0.0,0.0,0.0,0.0,0.0,0.0,0.0,0.0,0.0,0.0,0.0,0.0,0.0,0.0,0.0,0.0,0.0,0.0,0.0,0.0,0.0,0.0,0.0,0.0,0.0,0.0,0.0,0.0,0.0,0.0,42.42424242424243,50.505050505050505,56.56565656565657,60.60606060606061,66.66666666666667,68.68686868686869,72.72727272727273,76.76767676767678,78.7878787878788,80.80808080808082,84.84848484848486,86.86868686868688,88.8888888888889,92.92929292929294,94.94949494949496,96.96969696969697,98.98989898989899,101.01010101010101,103.03030303030303,105.05050505050505,107.07070707070707,109.0909090909091,111.11111111111111
194.14141414141415,0.0,0.0,0.0,0.0,0.0,0.0,0.0,0.0,0.0,0.0,0.0,0.0,0.0,0.0,0.0,0.0,0.0,0.0,0.0,0.0,0.0,0.0,0.0,0.0,0.0,0.0,0.0,0.0,0.0,0.0,0.0,0.0,0.0,0.0,0.0,0.0,0.0,0.0,0.0,0.0,0.0,0.0,0.0,0.0,0.0,0.0,0.0,0.0,0.0,0.0,0.0,0.0,0.0,0.0,0.0,0.0,0.0,0.0,0.0,0.0,0.0,0.0,0.0,0.0,0.0,0.0,0.0,0.0,0.0,0.0,0.0,0.0,0.0,0.0,0.0,0.0,42.42424242424243,50.505050505050505,56.56565656565657,60.60606060606061,64.64646464646465,68.68686868686869,72.72727272727273,74.74747474747475,78.7878787878788,80.80808080808082,84.84848484848486,86.86868686868688,88.8888888888889,90.90909090909092,94.94949494949496,96.96969696969697,98.98989898989899,101.01010101010101,103.03030303030303,105.05050505050505,107.07070707070707,109.0909090909091,111.11111111111111,113.13131313131314
194.24242424242422,0.0,0.0,0.0,0.0,0.0,0.0,0.0,0.0,0.0,0.0,0.0,0.0,0.0,0.0,0.0,0.0,0.0,0.0,0.0,0.0,0.0,0.0,0.0,0.0,0.0,0.0,0.0,0.0,0.0,0.0,0.0,0.0,0.0,0.0,0.0,0.0,0.0,0.0,0.0,0.0,0.0,0.0,0.0,0.0,0.0,0.0,0.0,0.0,0.0,0.0,0.0,0.0,0.0,0.0,0.0,0.0,0.0,0.0,0.0,0.0,0.0,0.0,0.0,0.0,0.0,0.0,0.0,0.0,0.0,0.0,0.0,0.0,0.0,0.0,0.0,42.42424242424243,50.505050505050505,56.56565656565657,60.60606060606061,64.64646464646465,68.68686868686869,72.72727272727273,74.74747474747475,78.7878787878788,80.80808080808082,82.82828282828284,86.86868686868688,88.8888888888889,90.90909090909092,92.92929292929294,96.96969696969697,98.98989898989899,101.01010101010101,103.03030303030303,105.05050505050505,107.07070707070707,109.0909090909091,111.11111111111111,113.13131313131314,115.15151515151516
194.34343434343435,0.0,0.0,0.0,0.0,0.0,0.0,0.0,0.0,0.0,0.0,0.0,0.0,0.0,0.0,0.0,0.0,0.0,0.0,0.0,0.0,0.0,0.0,0.0,0.0,0.0,0.0,0.0,0.0,0.0,0.0,0.0,0.0,0.0,0.0,0.0,0.0,0.0,0.0,0.0,0.0,0.0,0.0,0.0,0.0,0.0,0.0,0.0,0.0,0.0,0.0,0.0,0.0,0.0,0.0,0.0,0.0,0.0,0.0,0.0,0.0,0.0,0.0,0.0,0.0,0.0,0.0,0.0,0.0,0.0,0.0,0.0,0.0,0.0,0.0,42.42424242424243,50.505050505050505,56.56565656565657,60.60606060606061,64.64646464646465,68.68686868686869,72.72727272727273,74.74747474747475,78.7878787878788,80.80808080808082,82.82828282828284,86.86868686868688,88.8888888888889,90.90909090909092,92.92929292929294,94.94949494949496,98.98989898989899,101.01010101010101,103.03030303030303,105.05050505050505,107.07070707070707,109.0909090909091,111.11111111111111,113.13131313131314,115.15151515151516,117.17171717171718
194.44444444444446,0.0,0.0,0.0,0.0,0.0,0.0,0.0,0.0,0.0,0.0,0.0,0.0,0.0,0.0,0.0,0.0,0.0,0.0,0.0,0.0,0.0,0.0,0.0,0.0,0.0,0.0,0.0,0.0,0.0,0.0,0.0,0.0,0.0,0.0,0.0,0.0,0.0,0.0,0.0,0.0,0.0,0.0,0.0,0.0,0.0,0.0,0.0,0.0,0.0,0.0,0.0,0.0,0.0,0.0,0.0,0.0,0.0,0.0,0.0,0.0,0.0,0.0,0.0,0.0,0.0,0.0,0.0,0.0,0.0,0.0,0.0,0.0,0.0,42.42424242424243,50.505050505050505,56.56565656565657,60.60606060606061,64.64646464646465,68.68686868686869,72.72727272727273,74.74747474747475,76.76767676767678,80.80808080808082,82.82828282828284,84.84848484848486,88.8888888888889,90.90909090909092,92.92929292929294,94.94949494949496,96.96969696969697,98.98989898989899,103.03030303030303,105.05050505050505,107.07070707070707,109.0909090909091,111.11111111111111,113.13131313131314,115.15151515151516,117.17171717171718,119.1919191919192
194.54545454545453,0.0,0.0,0.0,0.0,0.0,0.0,0.0,0.0,0.0,0.0,0.0,0.0,0.0,0.0,0.0,0.0,0.0,0.0,0.0,0.0,0.0,0.0,0.0,0.0,0.0,0.0,0.0,0.0,0.0,0.0,0.0,0.0,0.0,0.0,0.0,0.0,0.0,0.0,0.0,0.0,0.0,0.0,0.0,0.0,0.0,0.0,0.0,0.0,0.0,0.0,0.0,0.0,0.0,0.0,0.0,0.0,0.0,0.0,0.0,0.0,0.0,0.0,0.0,0.0,0.0,0.0,0.0,0.0,0.0,0.0,0.0,0.0,42.42424242424243,50.505050505050505,56.56565656565657,60.60606060606061,64.64646464646465,68.68686868686869,70.70707070707071,74.74747474747475,76.76767676767678,80.80808080808082,82.82828282828284,84.84848484848486,88.8888888888889,90.90909090909092,92.92929292929294,94.94949494949496,96.96969696969697,98.98989898989899,101.01010101010101,103.03030303030303,105.05050505050505,109.0909090909091,111.11111111111111,113.13131313131314,115.15151515151516,117.17171717171718,117.17171717171718,119.1919191919192
194.64646464646466,0.0,0.0,0.0,0.0,0.0,0.0,0.0,0.0,0.0,0.0,0.0,0.0,0.0,0.0,0.0,0.0,0.0,0.0,0.0,0.0,0.0,0.0,0.0,0.0,0.0,0.0,0.0,0.0,0.0,0.0,0.0,0.0,0.0,0.0,0.0,0.0,0.0,0.0,0.0,0.0,0.0,0.0,0.0,0.0,0.0,0.0,0.0,0.0,0.0,0.0,0.0,0.0,0.0,0.0,0.0,0.0,0.0,0.0,0.0,0.0,0.0,0.0,0.0,0.0,0.0,0.0,0.0,0.0,0.0,0.0,0.0,42.42424242424243,50.505050505050505,56.56565656565657,60.60606060606061,64.64646464646465,68.68686868686869,70.70707070707071,74.74747474747475,76.76767676767678,80.80808080808082,82.82828282828284,84.84848484848486,86.86868686868688,90.90909090909092,92.92929292929294,94.94949494949496,96.96969696969697,98.98989898989899,101.01010101010101,103.03030303030303,105.05050505050505,107.07070707070707,109.0909090909091,111.11111111111111,113.13131313131314,115.15151515151516,117.17171717171718,119.1919191919192,121.21212121212122
194.74747474747474,0.0,0.0,0.0,0.0,0.0,0.0,0.0,0.0,0.0,0.0,0.0,0.0,0.0,0.0,0.0,0.0,0.0,0.0,0.0,0.0,0.0,0.0,0.0,0.0,0.0,0.0,0.0,0.0,0.0,0.0,0.0,0.0,0.0,0.0,0.0,0.0,0.0,0.0,0.0,0.0,0.0,0.0,0.0,0.0,0.0,0.0,0.0,0.0,0.0,0.0,0.0,0.0,0.0,0.0,0.0,0.0,0.0,0.0,0.0,0.0,0.0,0.0,0.0,0.0,0.0,0.0,0.0,0.0,0.0,0.0,42.42424242424243,50.505050505050505,56.56565656565657,60.60606060606061,64.64646464646465,68.68686868686869,70.70707070707071,74.74747474747475,76.76767676767678,78.7878787878788,82.82828282828284,84.84848484848486,86.86868686868688,88.8888888888889,92.92929292929294,94.94949494949496,96.96969696969697,98.98989898989899,101.01010101010101,103.03030303030303,105.05050505050505,107.07070707070707,109.0909090909091,111.11111111111111,113.13131313131314,115.15151515151516,117.17171717171718,119.1919191919192,121.21212121212122,123.23232323232324
194.84848484848484,0.0,0.0,0.0,0.0,0.0,0.0,0.0,0.0,0.0,0.0,0.0,0.0,0.0,0.0,0.0,0.0,0.0,0.0,0.0,0.0,0.0,0.0,0.0,0.0,0.0,0.0,0.0,0.0,0.0,0.0,0.0,0.0,0.0,0.0,0.0,0.0,0.0,0.0,0.0,0.0,0.0,0.0,0.0,0.0,0.0,0.0,0.0,0.0,0.0,0.0,0.0,0.0,0.0,0.0,0.0,0.0,0.0,0.0,0.0,0.0,0.0,0.0,0.0,0.0,0.0,0.0,0.0,0.0,0.0,42.42424242424243,50.505050505050505,56.56565656565657,60.60606060606061,64.64646464646465,66.66666666666667,70.70707070707071,74.74747474747475,76.76767676767678,78.7878787878788,82.82828282828284,84.84848484848486,86.86868686868688,88.8888888888889,90.90909090909092,94.94949494949496,96.96969696969697,98.98989898989899,101.01010101010101,103.03030303030303,105.05050505050505,107.07070707070707,109.0909090909091,111.11111111111111,113.13131313131314,115.15151515151516,117.17171717171718,119.1919191919192,121.21212121212122,123.23232323232324,125.25252525252526
194.94949494949495,0.0,0.0,0.0,0.0,0.0,0.0,0.0,0.0,0.0,0.0,0.0,0.0,0.0,0.0,0.0,0.0,0.0,0.0,0.0,0.0,0.0,0.0,0.0,0.0,0.0,0.0,0.0,0.0,0.0,0.0,0.0,0.0,0.0,0.0,0.0,0.0,0.0,0.0,0.0,0.0,0.0,0.0,0.0,0.0,0.0,0.0,0.0,0.0,0.0,0.0,0.0,0.0,0.0,0.0,0.0,0.0,0.0,0.0,0.0,0.0,0.0,0.0,0.0,0.0,0.0,0.0,0.0,0.0,42.42424242424243,50.505050505050505,54.54545454545455,60.60606060606061,64.64646464646465,66.66666666666667,70.70707070707071,72.72727272727273,76.76767676767678,78.7878787878788,80.80808080808082,84.84848484848486,86.86868686868688,88.8888888888889,90.90909090909092,92.92929292929294,94.94949494949496,98.98989898989899,101.01010101010101,103.03030303030303,105.05050505050505,107.07070707070707,109.0909090909091,111.11111111111111,113.13131313131314,115.15151515151516,117.17171717171718,119.1919191919192,121.21212121212122,123.23232323232324,123.23232323232324,125.25252525252526
195.05050505050505,0.0,0.0,0.0,0.0,0.0,0.0,0.0,0.0,0.0,0.0,0.0,0.0,0.0,0.0,0.0,0.0,0.0,0.0,0.0,0.0,0.0,0.0,0.0,0.0,0.0,0.0,0.0,0.0,0.0,0.0,0.0,0.0,0.0,0.0,0.0,0.0,0.0,0.0,0.0,0.0,0.0,0.0,0.0,0.0,0.0,0.0,0.0,0.0,0.0,0.0,0.0,0.0,0.0,0.0,0.0,0.0,0.0,0.0,0.0,0.0,0.0,0.0,0.0,0.0,0.0,0.0,0.0,42.42424242424243,50.505050505050505,54.54545454545455,60.60606060606061,62.62626262626263,66.66666666666667,70.70707070707071,72.72727272727273,76.76767676767678,78.7878787878788,80.80808080808082,84.84848484848486,86.86868686868688,88.8888888888889,90.90909090909092,92.92929292929294,94.94949494949496,96.96969696969697,98.98989898989899,101.01010101010101,105.05050505050505,107.07070707070707,109.0909090909091,111.11111111111111,113.13131313131314,115.15151515151516,115.15151515151516,117.17171717171718,119.1919191919192,121.21212121212122,123.23232323232324,125.25252525252526,127.27272727272728
195.15151515151516,0.0,0.0,0.0,0.0,0.0,0.0,0.0,0.0,0.0,0.0,0.0,0.0,0.0,0.0,0.0,0.0,0.0,0.0,0.0,0.0,0.0,0.0,0.0,0.0,0.0,0.0,0.0,0.0,0.0,0.0,0.0,0.0,0.0,0.0,0.0,0.0,0.0,0.0,0.0,0.0,0.0,0.0,0.0,0.0,0.0,0.0,0.0,0.0,0.0,0.0,0.0,0.0,0.0,0.0,0.0,0.0,0.0,0.0,0.0,0.0,0.0,0.0,0.0,0.0,0.0,0.0,42.42424242424243,50.505050505050505,54.54545454545455,58.58585858585859,62.62626262626263,66.66666666666667,70.70707070707071,72.72727272727273,76.76767676767678,78.7878787878788,80.80808080808082,82.82828282828284,86.86868686868688,88.8888888888889,90.90909090909092,92.92929292929294,94.94949494949496,96.96969696969697,98.98989898989899,101.01010101010101,103.03030303030303,105.05050505050505,107.07070707070707,109.0909090909091,111.11111111111111,113.13131313131314,115.15151515151516,117.17171717171718,119.1919191919192,121.21212121212122,123.23232323232324,125.25252525252526,127.27272727272728,129.2929292929293
195.25252525252526,0.0,0.0,0.0,0.0,0.0,0.0,0.0,0.0,0.0,0.0,0.0,0.0,0.0,0.0,0.0,0.0,0.0,0.0,0.0,0.0,0.0,0.0,0.0,0.0,0.0,0.0,0.0,0.0,0.0,0.0,0.0,0.0,0.0,0.0,0.0,0.0,0.0,0.0,0.0,0.0,0.0,0.0,0.0,0.0,0.0,0.0,0.0,0.0,0.0,0.0,0.0,0.0,0.0,0.0,0.0,0.0,0.0,0.0,0.0,0.0,0.0,0.0,0.0,0.0,0.0,42.42424242424243,50.505050505050505,54.54545454545455,58.58585858585859,62.62626262626263,66.66666666666667,70.70707070707071,72.72727272727273,74.74747474747475,78.7878787878788,80.80808080808082,82.82828282828284,84.84848484848486,88.8888888888889,90.90909090909092,92.92929292929294,94.94949494949496,96.96969696969697,98.98989898989899,101.01010101010101,103.03030303030303,105.05050505050505,107.07070707070707,109.0909090909091,111.11111111111111,113.13131313131314,115.15151515151516,117.17171717171718,119.1919191919192,121.21212121212122,123.23232323232324,125.25252525252526,127.27272727272728,129.2929292929293,131.31313131313132
195.35353535353534,0.0,0.0,0.0,0.0,0.0,0.0,0.0,0.0,0.0,0.0,0.0,0.0,0.0,0.0,0.0,0.0,0.0,0.0,0.0,0.0,0.0,0.0,0.0,0.0,0.0,0.0,0.0,0.0,0.0,0.0,0.0,0.0,0.0,0.0,0.0,0.0,0.0,0.0,0.0,0.0,0.0,0.0,0.0,0.0,0.0,0.0,0.0,0.0,0.0,0.0,0.0,0.0,0.0,0.0,0.0,0.0,0.0,0.0,0.0,0.0,0.0,0.0,0.0,0.0,42.42424242424243,50.505050505050505,54.54545454545455,58.58585858585859,62.62626262626263,66.66666666666667,68.68686868686869,72.72727272727273,74.74747474747475,78.7878787878788,80.80808080808082,82.82828282828284,84.84848484848486,86.86868686868688,90.90909090909092,92.92929292929294,94.94949494949496,96.96969696969697,98.98989898989899,101.01010101010101,103.03030303030303,105.05050505050505,107.07070707070707,109.0909090909091,111.11111111111111,113.13131313131314,115.15151515151516,117.17171717171718,119.1919191919192,121.21212121212122,123.23232323232324,125.25252525252526,125.25252525252526,127.27272727272728,129.2929292929293,131.31313131313132
195.45454545454547,0.0,0.0,0.0,0.0,0.0,0.0,0.0,0.0,0.0,0.0,0.0,0.0,0.0,0.0,0.0,0.0,0.0,0.0,0.0,0.0,0.0,0.0,0.0,0.0,0.0,0.0,0.0,0.0,0.0,0.0,0.0,0.0,0.0,0.0,0.0,0.0,0.0,0.0,0.0,0.0,0.0,0.0,0.0,0.0,0.0,0.0,0.0,0.0,0.0,0.0,0.0,0.0,0.0,0.0,0.0,0.0,0.0,0.0,0.0,0.0,0.0,0.0,24.242424242424242,42.42424242424243,50.505050505050505,54.54545454545455,58.58585858585859,62.62626262626263,66.66666666666667,68.68686868686869,72.72727272727273,74.74747474747475,76.76767676767678,80.80808080808082,82.82828282828284,84.84848484848486,86.86868686868688,88.8888888888889,92.92929292929294,94.94949494949496,96.96969696969697,98.98989898989899,101.01010101010101,103.03030303030303,105.05050505050505,107.07070707070707,109.0909090909091,111.11111111111111,113.13131313131314,115.15151515151516,117.17171717171718,119.1919191919192,119.1919191919192,121.21212121212122,123.23232323232324,125.25252525252526,127.27272727272728,129.2929292929293,131.31313131313132,133.33333333333334
195.55555555555554,0.0,0.0,0.0,0.0,0.0,0.0,0.0,0.0,0.0,0.0,0.0,0.0,0.0,0.0,0.0,0.0,0.0,0.0,0.0,0.0,0.0,0.0,0.0,0.0,0.0,0.0,0.0,0.0,0.0,0.0,0.0,0.0,0.0,0.0,0.0,0.0,0.0,0.0,0.0,0.0,0.0,0.0,0.0,0.0,0.0,0.0,0.0,0.0,0.0,0.0,0.0,0.0,0.0,0.0,0.0,0.0,0.0,0.0,0.0,0.0,0.0,26.262626262626263,42.42424242424243,50.505050505050505,54.54545454545455,58.58585858585859,62.62626262626263,66.66666666666667,68.68686868686869,72.72727272727273,74.74747474747475,76.76767676767678,80.80808080808082,82.82828282828284,84.84848484848486,86.86868686868688,88.8888888888889,90.90909090909092,92.92929292929294,94.94949494949496,98.98989898989899,101.01010101010101,103.03030303030303,105.05050505050505,107.07070707070707,109.0909090909091,111.11111111111111,113.13131313131314,113.13131313131314,115.15151515151516,117.17171717171718,119.1919191919192,121.21212121212122,123.23232323232324,125.25252525252526,127.27272727272728,129.2929292929293,131.31313131313132,133.33333333333334,135.35353535353536
195.65656565656565,0.0,0.0,0.0,0.0,0.0,0.0,0.0,0.0,0.0,0.0,0.0,0.0,0.0,0.0,0.0,0.0,0.0,0.0,0.0,0.0,0.0,0.0,0.0,0.0,0.0,0.0,0.0,0.0,0.0,0.0,0.0,0.0,0.0,0.0,0.0,0.0,0.0,0.0,0.0,0.0,0.0,0.0,0.0,0.0,0.0,0.0,0.0,0.0,0.0,0.0,0.0,0.0,0.0,0.0,0.0,0.0,0.0,0.0,0.0,0.0,28.282828282828284,42.42424242424243,50.505050505050505,54.54545454545455,58.58585858585859,62.62626262626263,64.64646464646465,68.68686868686869,70.70707070707071,74.74747474747475,76.76767676767678,78.7878787878788,82.82828282828284,84.84848484848486,86.86868686868688,88.8888888888889,90.90909090909092,92.92929292929294,94.94949494949496,96.96969696969697,98.98989898989899,101.01010101010101,103.03030303030303,105.05050505050505,107.07070707070707,109.0909090909091,111.11111111111111,113.13131313131314,115.15151515151516,117.17171717171718,119.1919191919192,121.21212121212122,123.23232323232324,125.25252525252526,127.27272727272728,129.2929292929293,131.31313131313132,131.31313131313132,133.33333333333334,135.35353535353536
195.75757575757578,0.0,0.0,0.0,0.0,0.0,0.0,0.0,0.0,0.0,0.0,0.0,0.0,0.0,0.0,0.0,0.0,0.0,0.0,0.0,0.0,0.0,0.0,0.0,0.0,0.0,0.0,0.0,0.0,0.0,0.0,0.0,0.0,0.0,0.0,0.0,0.0,0.0,0.0,0.0,0.0,0.0,0.0,0.0,0.0,0.0,0.0,0.0,0.0,0.0,0.0,0.0,0.0,0.0,0.0,0.0,0.0,0.0,0.0,0.0,30.303030303030305,42.42424242424243,48.484848484848484,54.54545454545455,58.58585858585859,62.62626262626263,64.64646464646465,68.68686868686869,70.70707070707071,74.74747474747475,76.76767676767678,78.7878787878788,80.80808080808082,84.84848484848486,86.86868686868688,88.8888888888889,90.90909090909092,92.92929292929294,94.94949494949496,96.96969696969697,98.98989898989899,101.01010101010101,103.03030303030303,105.05050505050505,107.07070707070707,109.0909090909091,111.11111111111111,113.13131313131314,115.15151515151516,117.17171717171718,119.1919191919192,121.21212121212122,123.23232323232324,125.25252525252526,127.27272727272728,127.27272727272728,129.2929292929293,131.31313131313132,133.33333333333334,135.35353535353536,137.37373737373738
195.85858585858585,0.0,0.0,0.0,0.0,0.0,0.0,0.0,0.0,0.0,0.0,0.0,0.0,0.0,0.0,0.0,0.0,0.0,0.0,0.0,0.0,0.0,0.0,0.0,0.0,0.0,0.0,0.0,0.0,0.0,0.0,0.0,0.0,0.0,0.0,0.0,0.0,0.0,0.0,0.0,0.0,0.0,0.0,0.0,0.0,0.0,0.0,0.0,0.0,0.0,0.0,0.0,0.0,0.0,0.0,0.0,0.0,0.0,0.0,30.303030303030305,42.42424242424243,48.484848484848484,54.54545454545455,58.58585858585859,62.62626262626263,64.64646464646465,68.68686868686869,70.70707070707071,74.74747474747475,76.76767676767678,78.7878787878788,80.80808080808082,82.82828282828284,86.86868686868688,88.8888888888889,90.90909090909092,92.92929292929294,94.94949494949496,96.96969696969697,98.98989898989899,101.01010101010101,103.03030303030303,105.05050505050505,107.07070707070707,109.0909090909091,111.11111111111111,113.13131313131314,115.15151515151516,117.17171717171718,119.1919191919192,121.21212121212122,121.21212121212122,123.23232323232324,125.25252525252526,127.27272727272728,129.2929292929293,131.31313131313132,133.33333333333334,135.35353535353536,137.37373737373738,137.37373737373738
195.95959595959596,0.0,0.0,0.0,0.0,0.0,0.0,0.0,0.0,0.0,0.0,0.0,0.0,0.0,0.0,0.0,0.0,0.0,0.0,0.0,0.0,0.0,0.0,0.0,0.0,0.0,0.0,0.0,0.0,0.0,0.0,0.0,0.0,0.0,0.0,0.0,0.0,0.0,0.0,0.0,0.0,0.0,0.0,0.0,0.0,0.0,0.0,0.0,0.0,0.0,0.0,0.0,0.0,0.0,0.0,0.0,0.0,0.0,30.303030303030305,42.42424242424243,48.484848484848484,54.54545454545455,58.58585858585859,62.62626262626263,64.64646464646465,68.68686868686869,70.70707070707071,72.72727272727273,76.76767676767678,78.7878787878788,80.80808080808082,82.82828282828284,84.84848484848486,88.8888888888889,90.90909090909092,92.92929292929294,94.94949494949496,96.96969696969697,98.98989898989899,101.01010101010101,103.03030303030303,105.05050505050505,107.07070707070707,109.0909090909091,111.11111111111111,113.13131313131314,115.15151515151516,115.15151515151516,117.17171717171718,119.1919191919192,121.21212121212122,123.23232323232324,125.25252525252526,127.27272727272728,129.2929292929293,131.31313131313132,133.33333333333334,133.33333333333334,135.35353535353536,137.37373737373738,139.3939393939394
196.06060606060603,0.0,0.0,0.0,0.0,0.0,0.0,0.0,0.0,0.0,0.0,0.0,0.0,0.0,0.0,0.0,0.0,0.0,0.0,0.0,0.0,0.0,0.0,0.0,0.0,0.0,0.0,0.0,0.0,0.0,0.0,0.0,0.0,0.0,0.0,0.0,0.0,0.0,0.0,0.0,0.0,0.0,0.0,0.0,0.0,0.0,0.0,0.0,0.0,0.0,0.0,0.0,0.0,0.0,0.0,0.0,0.0,32.323232323232325,42.42424242424243,48.484848484848484,54.54545454545455,58.58585858585859,60.60606060606061,64.64646464646465,68.68686868686869,70.70707070707071,72.72727272727273,76.76767676767678,78.7878787878788,80.80808080808082,82.82828282828284,84.84848484848486,86.86868686868688,88.8888888888889,92.92929292929294,94.94949494949496,96.96969696969697,98.98989898989899,101.01010101010101,103.03030303030303,105.05050505050505,107.07070707070707,109.0909090909091,109.0909090909091,111.11111111111111,113.13131313131314,115.15151515151516,117.17171717171718,119.1919191919192,121.21212121212122,123.23232323232324,125.25252525252526,127.27272727272728,129.2929292929293,131.31313131313132,131.31313131313132,133.33333333333334,135.35353535353536,137.37373737373738,139.3939393939394,141.41414141414143
196.16161616161617,0.0,0.0,0.0,0.0,0.0,0.0,0.0,0.0,0.0,0.0,0.0,0.0,0.0,0.0,0.0,0.0,0.0,0.0,0.0,0.0,0.0,0.0,0.0,0.0,0.0,0.0,0.0,0.0,0.0,0.0,0.0,0.0,0.0,0.0,0.0,0.0,0.0,0.0,0.0,0.0,0.0,0.0,0.0,0.0,0.0,0.0,0.0,0.0,0.0,0.0,0.0,0.0,0.0,0.0,0.0,32.323232323232325,42.42424242424243,48.484848484848484,54.54545454545455,58.58585858585859,60.60606060606061,64.64646464646465,66.66666666666667,70.70707070707071,72.72727272727273,74.74747474747475,78.7878787878788,80.80808080808082,82.82828282828284,84.84848484848486,86.86868686868688,88.8888888888889,90.90909090909092,92.92929292929294,94.94949494949496,96.96969696969697,98.98989898989899,101.01010101010101,103.03030303030303,105.05050505050505,107.07070707070707,109.0909090909091,111.11111111111111,113.13131313131314,115.15151515151516,117.17171717171718,119.1919191919192,121.21212121212122,123.23232323232324,125.25252525252526,127.27272727272728,127.27272727272728,129.2929292929293,131.31313131313132,133.33333333333334,135.35353535353536,137.37373737373738,139.3939393939394,141.41414141414143,141.41414141414143
196.26262626262627,0.0,0.0,0.0,0.0,0.0,0.0,0.0,0.0,0.0,0.0,0.0,0.0,0.0,0.0,0.0,0.0,0.0,0.0,0.0,0.0,0.0,0.0,0.0,0.0,0.0,0.0,0.0,0.0,0.0,0.0,0.0,0.0,0.0,0.0,0.0,0.0,0.0,0.0,0.0,0.0,0.0,0.0,0.0,0.0,0.0,0.0,0.0,0.0,0.0,0.0,0.0,0.0,0.0,0.0,32.323232323232325,42.42424242424243,48.484848484848484,54.54545454545455,56.56565656565657,60.60606060606061,64.64646464646465,66.66666666666667,70.70707070707071,72.72727272727273,74.74747474747475,76.76767676767678,80.80808080808082,82.82828282828284,84.84848484848486,86.86868686868688,88.8888888888889,90.90909090909092,92.92929292929294,94.94949494949496,96.96969696969697,98.98989898989899,101.01010101010101,103.03030303030303,105.05050505050505,107.07070707070707,109.0909090909091,111.11111111111111,113.13131313131314,115.15151515151516,117.17171717171718,119.1919191919192,121.21212121212122,121.21212121212122,123.23232323232324,125.25252525252526,127.27272727272728,129.2929292929293,131.31313131313132,133.33333333333334,135.35353535353536,137.37373737373738,137.37373737373738,139.3939393939394,141.41414141414143,143.43434343434345
196.36363636363635,0.0,0.0,0.0,0.0,0.0,0.0,0.0,0.0,0.0,0.0,0.0,0.0,0.0,0.0,0.0,0.0,0.0,0.0,0.0,0.0,0.0,0.0,0.0,0.0,0.0,0.0,0.0,0.0,0.0,0.0,0.0,0.0,0.0,0.0,0.0,0.0,0.0,0.0,0.0,0.0,0.0,0.0,0.0,0.0,0.0,0.0,0.0,0.0,0.0,0.0,0.0,0.0,0.0,32.323232323232325,42.42424242424243,48.484848484848484,52.525252525252526,56.56565656565657,60.60606060606061,64.64646464646465,66.66666666666667,70.70707070707071,72.72727272727273,74.74747474747475,76.76767676767678,80.80808080808082,82.82828282828284,84.84848484848486,86.86868686868688,88.8888888888889,90.90909090909092,92.92929292929294,94.94949494949496,96.96969696969697,98.98989898989899,101.01010101010101,103.03030303030303,105.05050505050505,107.07070707070707,109.0909090909091,111.11111111111111,113.13131313131314,115.15151515151516,117.17171717171718,117.17171717171718,119.1919191919192,121.21212121212122,123.23232323232324,125.25252525252526,127.27272727272728,129.2929292929293,131.31313131313132,133.33333333333334,133.33333333333334,135.35353535353536,137.37373737373738,139.3939393939394,141.41414141414143,143.43434343434345,145.45454545454547
196.46464646464648,0.0,0.0,0.0,0.0,0.0,0.0,0.0,0.0,0.0,0.0,0.0,0.0,0.0,0.0,0.0,0.0,0.0,0.0,0.0,0.0,0.0,0.0,0.0,0.0,0.0,0.0,0.0,0.0,0.0,0.0,0.0,0.0,0.0,0.0,0.0,0.0,0.0,0.0,0.0,0.0,0.0,0.0,0.0,0.0,0.0,0.0,0.0,0.0,0.0,0.0,0.0,0.0,34.343434343434346,42.42424242424243,48.484848484848484,52.525252525252526,56.56565656565657,60.60606060606061,64.64646464646465,66.66666666666667,68.68686868686869,72.72727272727273,74.74747474747475,76.76767676767678,78.7878787878788,80.80808080808082,84.84848484848486,86.86868686868688,88.8888888888889,90.90909090909092,92.92929292929294,94.94949494949496,96.96969696969697,98.98989898989899,101.01010101010101,103.03030303030303,105.05050505050505,107.07070707070707,109.0909090909091,111.11111111111111,113.13131313131314,113.13131313131314,115.15151515151516,117.17171717171718,119.1919191919192,121.21212121212122,123.23232323232324,125.25252525252526,127.27272727272728,129.2929292929293,129.2929292929293,131.31313131313132,133.33333333333334,135.35353535353536,137.37373737373738,139.3939393939394,141.41414141414143,143.43434343434345,143.43434343434345,145.45454545454547
196.56565656565655,0.0,0.0,0.0,0.0,0.0,0.0,0.0,0.0,0.0,0.0,0.0,0.0,0.0,0.0,0.0,0.0,0.0,0.0,0.0,0.0,0.0,0.0,0.0,0.0,0.0,0.0,0.0,0.0,0.0,0.0,0.0,0.0,0.0,0.0,0.0,0.0,0.0,0.0,0.0,0.0,0.0,0.0,0.0,0.0,0.0,0.0,0.0,0.0,0.0,0.0,0.0,34.343434343434346,42.42424242424243,48.484848484848484,52.525252525252526,56.56565656565657,60.60606060606061,62.62626262626263,66.66666666666667,68.68686868686869,72.72727272727273,74.74747474747475,76.76767676767678,78.7878787878788,80.80808080808082,82.82828282828284,86.86868686868688,88.8888888888889,90.90909090909092,92.92929292929294,94.94949494949496,96.96969696969697,98.98989898989899,101.01010101010101,103.03030303030303,105.05050505050505,107.07070707070707,107.07070707070707,109.0909090909091,111.11111111111111,113.13131313131314,115.15151515151516,117.17171717171718,119.1919191919192,121.21212121212122,123.23232323232324,125.25252525252526,125.25252525252526,127.27272727272728,129.2929292929293,131.31313131313132,133.33333333333334,135.35353535353536,137.37373737373738,139.3939393939394,139.3939393939394,141.41414141414143,143.43434343434345,145.45454545454547,147.4747474747475
196.66666666666666,0.0,0.0,0.0,0.0,0.0,0.0,0.0,0.0,0.0,0.0,0.0,0.0,0.0,0.0,0.0,0.0,0.0,0.0,0.0,0.0,0.0,0.0,0.0,0.0,0.0,0.0,0.0,0.0,0.0,0.0,0.0,0.0,0.0,0.0,0.0,0.0,0.0,0.0,0.0,0.0,0.0,0.0,0.0,0.0,0.0,0.0,0.0,0.0,0.0,0.0,34.343434343434346,42.42424242424243,48.484848484848484,52.525252525252526,56.56565656565657,60.60606060606061,62.62626262626263,66.66666666666667,68.68686868686869,70.70707070707071,74.74747474747475,76.76767676767678,78.7878787878788,80.80808080808082,82.82828282828284,84.84848484848486,86.86868686868688,88.8888888888889,90.90909090909092,94.94949494949496,96.96969696969697,96.96969696969697,98.98989898989899,101.01010101010101,103.03030303030303,105.05050505050505,107.07070707070707,109.0909090909091,111.11111111111111,113.13131313131314,115.15151515151516,117.17171717171718,119.1919191919192,121.21212121212122,123.23232323232324,123.23232323232324,125.25252525252526,127.27272727272728,129.2929292929293,131.31313131313132,133.33333333333334,135.35353535353536,135.35353535353536,137.37373737373738,139.3939393939394,141.41414141414143,143.43434343434345,145.45454545454547,147.4747474747475,147.4747474747475
196.7676767676768,0.0,0.0,0.0,0.0,0.0,0.0,0.0,0.0,0.0,0.0,0.0,0.0,0.0,0.0,0.0,0.0,0.0,0.0,0.0,0.0,0.0,0.0,0.0,0.0,0.0,0.0,0.0,0.0,0.0,0.0,0.0,0.0,0.0,0.0,0.0,0.0,0.0,0.0,0.0,0.0,0.0,0.0,0.0,0.0,0.0,0.0,0.0,0.0,0.0,34.343434343434346,42.42424242424243,48.484848484848484,52.525252525252526,56.56565656565657,60.60606060606061,62.62626262626263,66.66666666666667,68.68686868686869,70.70707070707071,74.74747474747475,76.76767676767678,78.7878787878788,80.80808080808082,82.82828282828284,84.84848484848486,86.86868686868688,88.8888888888889,90.90909090909092,92.92929292929294,94.94949494949496,96.96969696969697,98.98989898989899,101.01010101010101,103.03030303030303,105.05050505050505,107.07070707070707,109.0909090909091,111.11111111111111,113.13131313131314,115.15151515151516,117.17171717171718,119.1919191919192,119.1919191919192,121.21212121212122,123.23232323232324,125.25252525252526,127.27272727272728,129.2929292929293,131.31313131313132,133.33333333333334,133.33333333333334,135.35353535353536,137.37373737373738,139.3939393939394,141.41414141414143,143.43434343434345,143.43434343434345,145.45454545454547,147.4747474747475,149.4949494949495
196.86868686868686,0.0,0.0,0.0,0.0,0.0,0.0,0.0,0.0,0.0,0.0,0.0,0.0,0.0,0.0,0.0,0.0,0.0,0.0,0.0,0.0,0.0,0.0,0.0,0.0,0.0,0.0,0.0,0.0,0.0,0.0,0.0,0.0,0.0,0.0,0.0,0.0,0.0,0.0,0.0,0.0,0.0,0.0,0.0,0.0,0.0,0.0,0.0,0.0,34.343434343434346,42.42424242424243,48.484848484848484,52.525252525252526,56.56565656565657,60.60606060606061,62.62626262626263,66.66666666666667,68.68686868686869,70.70707070707071,72.72727272727273,76.76767676767678,78.7878787878788,80.80808080808082,82.82828282828284,84.84848484848486,86.86868686868688,88.8888888888889,90.90909090909092,92.92929292929294,94.94949494949496,96.96969696969697,98.98989898989899,101.01010101010101,103.03030303030303,105.05050505050505,107.07070707070707,109.0909090909091,111.11111111111111,113.13131313131314,113.13131313131314,115.15151515151516,117.17171717171718,119.1919191919192,121.21212121212122,123.23232323232324,125.25252525252526,127.27272727272728,129.2929292929293,129.2929292929293,131.31313131313132,133.33333333333334,135.35353535353536,137.37373737373738,139.3939393939394,141.41414141414143,141.41414141414143,143.43434343434345,145.45454545454547,147.4747474747475,149.4949494949495,151.51515151515153
196.96969696969697,0.0,0.0,0.0,0.0,0.0,0.0,0.0,0.0,0.0,0.0,0.0,0.0,0.0,0.0,0.0,0.0,0.0,0.0,0.0,0.0,0.0,0.0,0.0,0.0,0.0,0.0,0.0,0.0,0.0,0.0,0.0,0.0,0.0,0.0,0.0,0.0,0.0,0.0,0.0,0.0,0.0,0.0,0.0,0.0,0.0,0.0,0.0,34.343434343434346,42.42424242424243,48.484848484848484,52.525252525252526,56.56565656565657,58.58585858585859,62.62626262626263,64.64646464646465,68.68686868686869,70.70707070707071,72.72727272727273,74.74747474747475,78.7878787878788,80.80808080808082,82.82828282828284,84.84848484848486,86.86868686868688,88.8888888888889,90.90909090909092,92.92929292929294,94.94949494949496,96.96969696969697,98.98989898989899,101.01010101010101,103.03030303030303,105.05050505050505,107.07070707070707,109.0909090909091,109.0909090909091,111.11111111111111,113.13131313131314,115.15151515151516,117.17171717171718,119.1919191919192,121.21212121212122,123.23232323232324,125.25252525252526,125.25252525252526,127.27272727272728,129.2929292929293,131.31313131313132,133.33333333333334,135.35353535353536,137.37373737373738,137.37373737373738,139.3939393939394,141.41414141414143,143.43434343434345,145.45454545454547,147.4747474747475,147.4747474747475,149.4949494949495,151.51515151515153
197.07070707070704,0.0,0.0,0.0,0.0,0.0,0.0,0.0,0.0,0.0,0.0,0.0,0.0,0.0,0.0,0.0,0.0,0.0,0.0,0.0,0.0,0.0,0.0,0.0,0.0,0.0,0.0,0.0,0.0,0.0,0.0,0.0,0.0,0.0,0.0,0.0,0.0,0.0,0.0,0.0,0.0,0.0,0.0,0.0,0.0,0.0,0.0,34.343434343434346,42.42424242424243,48.484848484848484,52.525252525252526,56.56565656565657,58.58585858585859,62.62626262626263,64.64646464646465,68.68686868686869,70.70707070707071,72.72727272727273,74.74747474747475,76.76767676767678,80.80808080808082,82.82828282828284,84.84848484848486,86.86868686868688,88.8888888888889,90.90909090909092,92.92929292929294,94.94949494949496,96.96969696969697,98.98989898989899,101.01010101010101,103.03030303030303,105.05050505050505,105.05050505050505,107.07070707070707,109.0909090909091,111.11111111111111,113.13131313131314,115.15151515151516,117.17171717171718,119.1919191919192,121.21212121212122,121.21212121212122,123.23232323232324,125.25252525252526,127.27272727272728,129.2929292929293,131.31313131313132,133.33333333333334,135.35353535353536,135.35353535353536,137.37373737373738,139.3939393939394,141.41414141414143,143.43434343434345,145.45454545454547,145.45454545454547,147.4747474747475,149.4949494949495,151.51515151515153,153.53535353535355
197.17171717171718,0.0,0.0,0.0,0.0,0.0,0.0,0.0,0.0,0.0,0.0,0.0,0.0,0.0,0.0,0.0,0.0,0.0,0.0,0.0,0.0,0.0,0.0,0.0,0.0,0.0,0.0,0.0,0.0,0.0,0.0,0.0,0.0,0.0,0.0,0.0,0.0,0.0,0.0,0.0,0.0,0.0,0.0,0.0,0.0,0.0,36.36363636363637,42.42424242424243,48.484848484848484,52.525252525252526,56.56565656565657,58.58585858585859,62.62626262626263,64.64646464646465,66.66666666666667,70.70707070707071,72.72727272727273,74.74747474747475,76.76767676767678,78.7878787878788,80.80808080808082,84.84848484848486,86.86868686868688,88.8888888888889,90.90909090909092,92.92929292929294,94.94949494949496,96.96969696969697,96.96969696969697,98.98989898989899,101.01010101010101,103.03030303030303,105.05050505050505,107.07070707070707,109.0909090909091,111.11111111111111,113.13131313131314,115.15151515151516,117.17171717171718,119.1919191919192,119.1919191919192,121.21212121212122,123.23232323232324,125.25252525252526,127.27272727272728,129.2929292929293,131.31313131313132,131.31313131313132,133.33333333333334,135.35353535353536,137.37373737373738,139.3939393939394,141.41414141414143,141.41414141414143,143.43434343434345,145.45454545454547,147.4747474747475,149.4949494949495,151.51515151515153,151.51515151515153,153.53535353535355
197.27272727272728,0.0,0.0,0.0,0.0,0.0,0.0,0.0,0.0,0.0,0.0,0.0,0.0,0.0,0.0,0.0,0.0,0.0,0.0,0.0,0.0,0.0,0.0,0.0,0.0,0.0,0.0,0.0,0.0,0.0,0.0,0.0,0.0,0.0,0.0,0.0,0.0,0.0,0.0,0.0,0.0,0.0,0.0,0.0,0.0,36.36363636363637,42.42424242424243,48.484848484848484,52.525252525252526,56.56565656565657,58.58585858585859,62.62626262626263,64.64646464646465,66.66666666666667,70.70707070707071,72.72727272727273,74.74747474747475,76.76767676767678,78.7878787878788,80.80808080808082,82.82828282828284,84.84848484848486,86.86868686868688,88.8888888888889,90.90909090909092,92.92929292929294,94.94949494949496,96.96969696969697,98.98989898989899,101.01010101010101,103.03030303030303,105.05050505050505,107.07070707070707,109.0909090909091,111.11111111111111,113.13131313131314,115.15151515151516,115.15151515151516,117.17171717171718,119.1919191919192,121.21212121212122,123.23232323232324,125.25252525252526,127.27272727272728,127.27272727272728,129.2929292929293,131.31313131313132,133.33333333333334,135.35353535353536,137.37373737373738,139.3939393939394,139.3939393939394,141.41414141414143,143.43434343434345,145.45454545454547,147.4747474747475,149.4949494949495,149.4949494949495,151.51515151515153,153.53535353535355,155.55555555555557
197.37373737373736,0.0,0.0,0.0,0.0,0.0,0.0,0.0,0.0,0.0,0.0,0.0,0.0,0.0,0.0,0.0,0.0,0.0,0.0,0.0,0.0,0.0,0.0,0.0,0.0,0.0,0.0,0.0,0.0,0.0,0.0,0.0,0.0,0.0,0.0,0.0,0.0,0.0,0.0,0.0,0.0,0.0,0.0,0.0,36.36363636363637,42.42424242424243,48.484848484848484,52.525252525252526,54.54545454545455,58.58585858585859,62.62626262626263,64.64646464646465,66.66666666666667,68.68686868686869,72.72727272727273,74.74747474747475,76.76767676767678,78.7878787878788,80.80808080808082,82.82828282828284,84.84848484848486,86.86868686868688,88.8888888888889,90.90909090909092,92.92929292929294,94.94949494949496,96.96969696969697,98.98989898989899,101.01010101010101,103.03030303030303,105.05050505050505,107.07070707070707,109.0909090909091,111.11111111111111,111.11111111111111,113.13131313131314,115.15151515151516,117.17171717171718,119.1919191919192,121.21212121212122,123.23232323232324,125.25252525252526,125.25252525252526,127.27272727272728,129.2929292929293,131.31313131313132,133.33333333333334,135.35353535353536,135.35353535353536,137.37373737373738,139.3939393939394,141.41414141414143,143.43434343434345,145.45454545454547,145.45454545454547,147.4747474747475,149.4949494949495,151.51515151515153,153.53535353535355,155.55555555555557,155.55555555555557
197.4747474747475,0.0,0.0,0.0,0.0,0.0,0.0,0.0,0.0,0.0,0.0,0.0,0.0,0.0,0.0,0.0,0.0,0.0,0.0,0.0,0.0,0.0,0.0,0.0,0.0,0.0,0.0,0.0,0.0,0.0,0.0,0.0,0.0,0.0,0.0,0.0,0.0,0.0,0.0,0.0,0.0,0.0,0.0,36.36363636363637,42.42424242424243,48.484848484848484,52.525252525252526,54.54545454545455,58.58585858585859,60.60606060606061,64.64646464646465,66.66666666666667,68.68686868686869,72.72727272727273,74.74747474747475,76.76767676767678,78.7878787878788,80.80808080808082,82.82828282828284,84.84848484848486,86.86868686868688,88.8888888888889,90.90909090909092,92.92929292929294,94.94949494949496,96.96969696969697,98.98989898989899,101.01010101010101,103.03030303030303,105.05050505050505,107.07070707070707,107.07070707070707,109.0909090909091,111.11111111111111,113.13131313131314,115.15151515151516,117.17171717171718,119.1919191919192,121.21212121212122,121.21212121212122,123.23232323232324,125.25252525252526,127.27272727272728,129.2929292929293,131.31313131313132,133.33333333333334,133.33333333333334,135.35353535353536,137.37373737373738,139.3939393939394,141.41414141414143,143.43434343434345,143.43434343434345,145.45454545454547,147.4747474747475,149.4949494949495,151.51515151515153,153.53535353535355,153.53535353535355,155.55555555555557,157.5757575757576
197.57575757575756,0.0,0.0,0.0,0.0,0.0,0.0,0.0,0.0,0.0,0.0,0.0,0.0,0.0,0.0,0.0,0.0,0.0,0.0,0.0,0.0,0.0,0.0,0.0,0.0,0.0,0.0,0.0,0.0,0.0,0.0,0.0,0.0,0.0,0.0,0.0,0.0,0.0,0.0,0.0,0.0,0.0,36.36363636363637,42.42424242424243,48.484848484848484,52.525252525252526,54.54545454545455,58.58585858585859,60.60606060606061,64.64646464646465,66.66666666666667,68.68686868686869,70.70707070707071,74.74747474747475,76.76767676767678,78.7878787878788,80.80808080808082,82.82828282828284,84.84848484848486,86.86868686868688,88.8888888888889,90.90909090909092,92.92929292929294,94.94949494949496,96.96969696969697,98.98989898989899,101.01010101010101,101.01010101010101,103.03030303030303,105.05050505050505,107.07070707070707,109.0909090909091,111.11111111111111,113.13131313131314,115.15151515151516,117.17171717171718,117.17171717171718,119.1919191919192,121.21212121212122,123.23232323232324,125.25252525252526,127.27272727272728,129.2929292929293,129.2929292929293,131.31313131313132,133.33333333333334,135.35353535353536,137.37373737373738,139.3939393939394,139.3939393939394,141.41414141414143,143.43434343434345,145.45454545454547,147.4747474747475,149.4949494949495,149.4949494949495,151.51515151515153,153.53535353535355,155.55555555555557,157.5757575757576,159.5959595959596
197.67676767676767,0.0,0.0,0.0,0.0,0.0,0.0,0.0,0.0,0.0,0.0,0.0,0.0,0.0,0.0,0.0,0.0,0.0,0.0,0.0,0.0,0.0,0.0,0.0,0.0,0.0,0.0,0.0,0.0,0.0,0.0,0.0,0.0,0.0,0.0,0.0,0.0,0.0,0.0,0.0,0.0,36.36363636363637,42.42424242424243,48.484848484848484,52.525252525252526,54.54545454545455,58.58585858585859,60.60606060606061,64.64646464646465,66.66666666666667,68.68686868686869,70.70707070707071,72.72727272727273,74.74747474747475,78.7878787878788,80.80808080808082,82.82828282828284,84.84848484848486,86.86868686868688,88.8888888888889,90.90909090909092,92.92929292929294,94.94949494949496,96.96969696969697,96.96969696969697,98.98989898989899,101.01010101010101,103.03030303030303,105.05050505050505,107.07070707070707,109.0909090909091,111.11111111111111,113.13131313131314,115.15151515151516,115.15151515151516,117.17171717171718,119.1919191919192,121.21212121212122,123.23232323232324,125.25252525252526,127.27272727272728,127.27272727272728,129.2929292929293,131.31313131313132,133.33333333333334,135.35353535353536,137.37373737373738,137.37373737373738,139.3939393939394,141.41414141414143,143.43434343434345,145.45454545454547,147.4747474747475,147.4747474747475,149.4949494949495,151.51515151515153,153.53535353535355,155.55555555555557,155.55555555555557,157.5757575757576,159.5959595959596
197.77777777777777,0.0,0.0,0.0,0.0,0.0,0.0,0.0,0.0,0.0,0.0,0.0,0.0,0.0,0.0,0.0,0.0,0.0,0.0,0.0,0.0,0.0,0.0,0.0,0.0,0.0,0.0,0.0,0.0,0.0,0.0,0.0,0.0,0.0,0.0,0.0,0.0,0.0,0.0,0.0,36.36363636363637,42.42424242424243,48.484848484848484,50.505050505050505,54.54545454545455,58.58585858585859,60.60606060606061,62.62626262626263,66.66666666666667,68.68686868686869,70.70707070707071,72.72727272727273,74.74747474747475,76.76767676767678,78.7878787878788,82.82828282828284,84.84848484848486,86.86868686868688,88.8888888888889,88.8888888888889,90.90909090909092,92.92929292929294,94.94949494949496,96.96969696969697,98.98989898989899,101.01010101010101,103.03030303030303,105.05050505050505,107.07070707070707,109.0909090909091,111.11111111111111,111.11111111111111,113.13131313131314,115.15151515151516,117.17171717171718,119.1919191919192,121.21212121212122,123.23232323232324,123.23232323232324,125.25252525252526,127.27272727272728,129.2929292929293,131.31313131313132,133.33333333333334,133.33333333333334,135.35353535353536,137.37373737373738,139.3939393939394,141.41414141414143,143.43434343434345,143.43434343434345,145.45454545454547,147.4747474747475,149.4949494949495,151.51515151515153,153.53535353535355,153.53535353535355,155.55555555555557,157.5757575757576,159.5959595959596,161.61616161616163
197.87878787878788,0.0,0.0,0.0,0.0,0.0,0.0,0.0,0.0,0.0,0.0,0.0,0.0,0.0,0.0,0.0,0.0,0.0,0.0,0.0,0.0,0.0,0.0,0.0,0.0,0.0,0.0,0.0,0.0,0.0,0.0,0.0,0.0,0.0,0.0,0.0,0.0,0.0,0.0,36.36363636363637,42.42424242424243,46.46464646464647,50.505050505050505,54.54545454545455,58.58585858585859,60.60606060606061,62.62626262626263,66.66666666666667,68.68686868686869,70.70707070707071,72.72727272727273,74.74747474747475,76.76767676767678,78.7878787878788,80.80808080808082,82.82828282828284,84.84848484848486,86.86868686868688,88.8888888888889,90.90909090909092,92.92929292929294,94.94949494949496,96.96969696969697,98.98989898989899,101.01010101010101,103.03030303030303,105.05050505050505,107.07070707070707,107.07070707070707,109.0909090909091,111.11111111111111,113.13131313131314,115.15151515151516,117.17171717171718,119.1919191919192,121.21212121212122,121.21212121212122,123.23232323232324,125.25252525252526,127.27272727272728,129.2929292929293,131.31313131313132,131.31313131313132,133.33333333333334,135.35353535353536,137.37373737373738,139.3939393939394,141.41414141414143,141.41414141414143,143.43434343434345,145.45454545454547,147.4747474747475,149.4949494949495,149.4949494949495,151.51515151515153,153.53535353535355,155.55555555555557,157.5757575757576,159.5959595959596,159.5959595959596,161.61616161616163
197.97979797979798,0.0,0.0,0.0,0.0,0.0,0.0,0.0,0.0,0.0,0.0,0.0,0.0,0.0,0.0,0.0,0.0,0.0,0.0,0.0,0.0,0.0,0.0,0.0,0.0,0.0,0.0,0.0,0.0,0.0,0.0,0.0,0.0,0.0,0.0,0.0,0.0,22.222222222222225,36.36363636363637,42.42424242424243,46.46464646464647,50.505050505050505,54.54545454545455,56.56565656565657,60.60606060606061,62.62626262626263,64.64646464646465,68.68686868686869,70.70707070707071,72.72727272727273,74.74747474747475,76.76767676767678,78.7878787878788,80.80808080808082,82.82828282828284,84.84848484848486,86.86868686868688,88.8888888888889,90.90909090909092,92.92929292929294,94.94949494949496,96.96969696969697,98.98989898989899,101.01010101010101,103.03030303030303,103.03030303030303,105.05050505050505,107.07070707070707,109.0909090909091,111.11111111111111,113.13131313131314,115.15151515151516,117.17171717171718,117.17171717171718,119.1919191919192,121.21212121212122,123.23232323232324,125.25252525252526,127.27272727272728,129.2929292929293,129.2929292929293,131.31313131313132,133.33333333333334,135.35353535353536,137.37373737373738,137.37373737373738,139.3939393939394,141.41414141414143,143.43434343434345,145.45454545454547,147.4747474747475,147.4747474747475,149.4949494949495,151.51515151515153,153.53535353535355,155.55555555555557,155.55555555555557,157.5757575757576,159.5959595959596,161.61616161616163,163.63636363636365
198.08080808080805,0.0,0.0,0.0,0.0,0.0,0.0,0.0,0.0,0.0,0.0,0.0,0.0,0.0,0.0,0.0,0.0,0.0,0.0,0.0,0.0,0.0,0.0,0.0,0.0,0.0,0.0,0.0,0.0,0.0,0.0,0.0,0.0,0.0,0.0,0.0,24.242424242424242,36.36363636363637,42.42424242424243,46.46464646464647,50.505050505050505,54.54545454545455,56.56565656565657,60.60606060606061,62.62626262626263,64.64646464646465,68.68686868686869,70.70707070707071,72.72727272727273,74.74747474747475,76.76767676767678,78.7878787878788,80.80808080808082,82.82828282828284,84.84848484848486,86.86868686868688,88.8888888888889,90.90909090909092,92.92929292929294,94.94949494949496,96.96969696969697,98.98989898989899,98.98989898989899,101.01010101010101,103.03030303030303,105.05050505050505,107.07070707070707,109.0909090909091,111.11111111111111,113.13131313131314,113.13131313131314,115.15151515151516,117.17171717171718,119.1919191919192,121.21212121212122,123.23232323232324,125.25252525252526,125.25252525252526,127.27272727272728,129.2929292929293,131.31313131313132,133.33333333333334,135.35353535353536,135.35353535353536,137.37373737373738,139.3939393939394,141.41414141414143,143.43434343434345,145.45454545454547,145.45454545454547,147.4747474747475,149.4949494949495,151.51515151515153,153.53535353535355,153.53535353535355,155.55555555555557,157.5757575757576,159.5959595959596,161.61616161616163,161.61616161616163,163.63636363636365
198.18181818181816,0.0,0.0,0.0,0.0,0.0,0.0,0.0,0.0,0.0,0.0,0.0,0.0,0.0,0.0,0.0,0.0,0.0,0.0,0.0,0.0,0.0,0.0,0.0,0.0,0.0,0.0,0.0,0.0,0.0,0.0,0.0,0.0,0.0,0.0,26.262626262626263,36.36363636363637,42.42424242424243,46.46464646464647,50.505050505050505,54.54545454545455,56.56565656565657,60.60606060606061,62.62626262626263,64.64646464646465,66.66666666666667,70.70707070707071,72.72727272727273,74.74747474747475,76.76767676767678,78.7878787878788,80.80808080808082,82.82828282828284,84.84848484848486,86.86868686868688,88.8888888888889,90.90909090909092,92.92929292929294,94.94949494949496,94.94949494949496,96.96969696969697,98.98989898989899,101.01010101010101,103.03030303030303,105.05050505050505,107.07070707070707,109.0909090909091,111.11111111111111,111.11111111111111,113.13131313131314,115.15151515151516,117.17171717171718,119.1919191919192,121.21212121212122,123.23232323232324,123.23232323232324,125.25252525252526,127.27272727272728,129.2929292929293,131.31313131313132,133.33333333333334,133.33333333333334,135.35353535353536,137.37373737373738,139.3939393939394,141.41414141414143,141.41414141414143,143.43434343434345,145.45454545454547,147.4747474747475,149.4949494949495,151.51515151515153,151.51515151515153,153.53535353535355,155.55555555555557,157.5757575757576,159.5959595959596,159.5959595959596,161.61616161616163,163.63636363636365,165.65656565656568
198.2828282828283,0.0,0.0,0.0,0.0,0.0,0.0,0.0,0.0,0.0,0.0,0.0,0.0,0.0,0.0,0.0,0.0,0.0,0.0,0.0,0.0,0.0,0.0,0.0,0.0,0.0,0.0,0.0,0.0,0.0,0.0,0.0,0.0,0.0,26.262626262626263,36.36363636363637,42.42424242424243,46.46464646464647,50.505050505050505,54.54545454545455,56.56565656565657,60.60606060606061,62.62626262626263,64.64646464646465,66.66666666666667,68.68686868686869,70.70707070707071,74.74747474747475,76.76767676767678,78.7878787878788,80.80808080808082,82.82828282828284,84.84848484848486,86.86868686868688,88.8888888888889,90.90909090909092,90.90909090909092,92.92929292929294,94.94949494949496,96.96969696969697,98.98989898989899,101.01010101010101,103.03030303030303,105.05050505050505,107.07070707070707,107.07070707070707,109.0909090909091,111.11111111111111,113.13131313131314,115.15151515151516,117.17171717171718,119.1919191919192,119.1919191919192,121.21212121212122,123.23232323232324,125.25252525252526,127.27272727272728,129.2929292929293,129.2929292929293,131.31313131313132,133.33333333333334,135.35353535353536,137.37373737373738,139.3939393939394,139.3939393939394,141.41414141414143,143.43434343434345,145.45454545454547,147.4747474747475,147.4747474747475,149.4949494949495,151.51515151515153,153.53535353535355,155.55555555555557,155.55555555555557,157.5757575757576,159.5959595959596,161.61616161616163,163.63636363636365,165.65656565656568,165.65656565656568
198.38383838383837,0.0,0.0,0.0,0.0,0.0,0.0,0.0,0.0,0.0,0.0,0.0,0.0,0.0,0.0,0.0,0.0,0.0,0.0,0.0,0.0,0.0,0.0,0.0,0.0,0.0,0.0,0.0,0.0,0.0,0.0,0.0,0.0,28.282828282828284,38.38383838383839,42.42424242424243,46.46464646464647,50.505050505050505,54.54545454545455,56.56565656565657,58.58585858585859,62.62626262626263,64.64646464646465,66.66666666666667,68.68686868686869,70.70707070707071,72.72727272727273,74.74747474747475,76.76767676767678,80.80808080808082,80.80808080808082,82.82828282828284,84.84848484848486,86.86868686868688,88.8888888888889,90.90909090909092,92.92929292929294,94.94949494949496,96.96969696969697,98.98989898989899,101.01010101010101,103.03030303030303,105.05050505050505,105.05050505050505,107.07070707070707,109.0909090909091,111.11111111111111,113.13131313131314,115.15151515151516,117.17171717171718,117.17171717171718,119.1919191919192,121.21212121212122,123.23232323232324,125.25252525252526,127.27272727272728,127.27272727272728,129.2929292929293,131.31313131313132,133.33333333333334,135.35353535353536,135.35353535353536,137.37373737373738,139.3939393939394,141.41414141414143,143.43434343434345,145.45454545454547,145.45454545454547,147.4747474747475,149.4949494949495,151.51515151515153,153.53535353535355,153.53535353535355,155.55555555555557,157.5757575757576,159.5959595959596,161.61616161616163,161.61616161616163,163.63636363636365,165.65656565656568,167.6767676767677
198.48484848484847,0.0,0.0,0.0,0.0,0.0,0.0,0.0,0.0,0.0,0.0,0.0,0.0,0.0,0.0,0.0,0.0,0.0,0.0,0.0,0.0,0.0,0.0,0.0,0.0,0.0,0.0,0.0,0.0,0.0,0.0,0.0,28.282828282828284,38.38383838383839,42.42424242424243,46.46464646464647,50.505050505050505,54.54545454545455,56.56565656565657,58.58585858585859,62.62626262626263,64.64646464646465,66.66666666666667,68.68686868686869,70.70707070707071,72.72727272727273,74.74747474747475,76.76767676767678,78.7878787878788,80.80808080808082,82.82828282828284,84.84848484848486,86.86868686868688,88.8888888888889,90.90909090909092,92.92929292929294,94.94949494949496,96.96969696969697,98.98989898989899,101.01010101010101,101.01010101010101,103.03030303030303,105.05050505050505,107.07070707070707,109.0909090909091,111.11111111111111,113.13131313131314,113.13131313131314,115.15151515151516,117.17171717171718,119.1919191919192,121.21212121212122,123.23232323232324,123.23232323232324,125.25252525252526,127.27272727272728,129.2929292929293,131.31313131313132,133.33333333333334,133.33333333333334,135.35353535353536,137.37373737373738,139.3939393939394,141.41414141414143,141.41414141414143,143.43434343434345,145.45454545454547,147.4747474747475,149.4949494949495,151.51515151515153,151.51515151515153,153.53535353535355,155.55555555555557,157.5757575757576,159.5959595959596,159.5959595959596,161.61616161616163,163.63636363636365,165.65656565656568,167.6767676767677,167.6767676767677
198.5858585858586,0.0,0.0,0.0,0.0,0.0,0.0,0.0,0.0,0.0,0.0,0.0,0.0,0.0,0.0,0.0,0.0,0.0,0.0,0.0,0.0,0.0,0.0,0.0,0.0,0.0,0.0,0.0,0.0,0.0,0.0,28.282828282828284,38.38383838383839,42.42424242424243,46.46464646464647,50.505050505050505,52.525252525252526,56.56565656565657,58.58585858585859,60.60606060606061,64.64646464646465,66.66666666666667,68.68686868686869,70.70707070707071,72.72727272727273,74.74747474747475,76.76767676767678,78.7878787878788,80.80808080808082,82.82828282828284,84.84848484848486,86.86868686868688,88.8888888888889,90.90909090909092,92.92929292929294,94.94949494949496,96.96969696969697,96.96969696969697,98.98989898989899,101.01010101010101,103.03030303030303,105.05050505050505,107.07070707070707,109.0909090909091,111.11111111111111,111.11111111111111,113.13131313131314,115.15151515151516,117.17171717171718,119.1919191919192,121.21212121212122,121.21212121212122,123.23232323232324,125.25252525252526,127.27272727272728,129.2929292929293,131.31313131313132,131.31313131313132,133.33333333333334,135.35353535353536,137.37373737373738,139.3939393939394,139.3939393939394,141.41414141414143,143.43434343434345,145.45454545454547,147.4747474747475,147.4747474747475,149.4949494949495,151.51515151515153,153.53535353535355,155.55555555555557,155.55555555555557,157.5757575757576,159.5959595959596,161.61616161616163,163.63636363636365,165.65656565656568,165.65656565656568,167.6767676767677,169.69696969696972
198.68686868686868,0.0,0.0,0.0,0.0,0.0,0.0,0.0,0.0,0.0,0.0,0.0,0.0,0.0,0.0,0.0,0.0,0.0,0.0,0.0,0.0,0.0,0.0,0.0,0.0,0.0,0.0,0.0,0.0,0.0,30.303030303030305,38.38383838383839,42.42424242424243,46.46464646464647,50.505050505050505,52.525252525252526,56.56565656565657,58.58585858585859,60.60606060606061,64.64646464646465,66.66666666666667,68.68686868686869,70.70707070707071,72.72727272727273,74.74747474747475,76.76767676767678,78.7878787878788,80.80808080808082,82.82828282828284,84.84848484848486,86.86868686868688,88.8888888888889,90.90909090909092,92.92929292929294,92.92929292929294,94.94949494949496,96.96969696969697,98.98989898989899,101.01010101010101,103.03030303030303,105.05050505050505,107.07070707070707,107.07070707070707,109.0909090909091,111.11111111111111,113.13131313131314,115.15151515151516,117.17171717171718,119.1919191919192,119.1919191919192,121.21212121212122,123.23232323232324,125.25252525252526,127.27272727272728,127.27272727272728,129.2929292929293,131.31313131313132,133.33333333333334,135.35353535353536,137.37373737373738,137.37373737373738,139.3939393939394,141.41414141414143,143.43434343434345,145.45454545454547,145.45454545454547,147.4747474747475,149.4949494949495,151.51515151515153,153.53535353535355,153.53535353535355,155.55555555555557,157.5757575757576,159.5959595959596,161.61616161616163,161.61616161616163,163.63636363636365,165.65656565656568,167.6767676767677,169.69696969696972,169.69696969696972
198.78787878787878,0.0,0.0,0.0,0.0,0.0,0.0,0.0,0.0,0.0,0.0,0.0,0.0,0.0,0.0,0.0,0.0,0.0,0.0,0.0,0.0,0.0,0.0,0.0,0.0,0.0,0.0,0.0,0.0,30.303030303030305,38.38383838383839,42.42424242424243,46.46464646464647,50.505050505050505,52.525252525252526,56.56565656565657,58.58585858585859,60.60606060606061,62.62626262626263,66.66666666666667,68.68686868686869,70.70707070707071,72.72727272727273,74.74747474747475,76.76767676767678,78.7878787878788,80.80808080808082,82.82828282828284,84.84848484848486,86.86868686868688,88.8888888888889,88.8888888888889,90.90909090909092,92.92929292929294,94.94949494949496,96.96969696969697,98.98989898989899,101.01010101010101,103.03030303030303,105.05050505050505,105.05050505050505,107.07070707070707,109.0909090909091,111.11111111111111,113.13131313131314,115.15151515151516,115.15151515151516,117.17171717171718,119.1919191919192,121.21212121212122,123.23232323232324,125.25252525252526,125.25252525252526,127.27272727272728,129.2929292929293,131.31313131313132,133.33333333333334,133.33333333333334,135.35353535353536,137.37373737373738,139.3939393939394,141.41414141414143,143.43434343434345,143.43434343434345,145.45454545454547,147.4747474747475,149.4949494949495,151.51515151515153,151.51515151515153,153.53535353535355,155.55555555555557,157.5757575757576,159.5959595959596,159.5959595959596,161.61616161616163,163.63636363636365,165.65656565656568,167.6767676767677,167.6767676767677,169.69696969696972,171.71717171717174
198.88888888888886,0.0,0.0,0.0,0.0,0.0,0.0,0.0,0.0,0.0,0.0,0.0,0.0,0.0,0.0,0.0,0.0,0.0,0.0,0.0,0.0,0.0,0.0,0.0,0.0,0.0,0.0,0.0,30.303030303030305,38.38383838383839,42.42424242424243,46.46464646464647,50.505050505050505,52.525252525252526,56.56565656565657,58.58585858585859,60.60606060606061,62.62626262626263,64.64646464646465,68.68686868686869,70.70707070707071,72.72727272727273,74.74747474747475,76.76767676767678,78.7878787878788,80.80808080808082,82.82828282828284,84.84848484848486,84.84848484848486,86.86868686868688,88.8888888888889,90.90909090909092,92.92929292929294,94.94949494949496,96.96969696969697,98.98989898989899,101.01010101010101,101.01010101010101,103.03030303030303,105.05050505050505,107.07070707070707,109.0909090909091,111.11111111111111,113.13131313131314,113.13131313131314,115.15151515151516,117.17171717171718,119.1919191919192,121.21212121212122,123.23232323232324,123.23232323232324,125.25252525252526,127.27272727272728,129.2929292929293,131.31313131313132,131.31313131313132,133.33333333333334,135.35353535353536,137.37373737373738,139.3939393939394,139.3939393939394,141.41414141414143,143.43434343434345,145.45454545454547,147.4747474747475,147.4747474747475,149.4949494949495,151.51515151515153,153.53535353535355,155.55555555555557,155.55555555555557,157.5757575757576,159.5959595959596,161.61616161616163,163.63636363636365,163.63636363636365,165.65656565656568,167.6767676767677,169.69696969696972,171.71717171717174,171.71717171717174
198.989898989899,0.0,0.0,0.0,0.0,0.0,0.0,0.0,0.0,0.0,0.0,0.0,0.0,0.0,0.0,0.0,0.0,0.0,0.0,0.0,0.0,0.0,0.0,0.0,0.0,0.0,0.0,30.303030303030305,38.38383838383839,42.42424242424243,46.46464646464647,50.505050505050505,52.525252525252526,54.54545454545455,58.58585858585859,60.60606060606061,62.62626262626263,64.64646464646465,66.66666666666667,68.68686868686869,72.72727272727273,74.74747474747475,76.76767676767678,78.7878787878788,78.7878787878788,80.80808080808082,82.82828282828284,84.84848484848486,86.86868686868688,88.8888888888889,90.90909090909092,92.92929292929294,94.94949494949496,96.96969696969697,98.98989898989899,98.98989898989899,101.01010101010101,103.03030303030303,105.05050505050505,107.07070707070707,109.0909090909091,109.0909090909091,111.11111111111111,113.13131313131314,115.15151515151516,117.17171717171718,119.1919191919192,119.1919191919192,121.21212121212122,123.23232323232324,125.25252525252526,127.27272727272728,129.2929292929293,129.2929292929293,131.31313131313132,133.33333333333334,135.35353535353536,137.37373737373738,137.37373737373738,139.3939393939394,141.41414141414143,143.43434343434345,145.45454545454547,145.45454545454547,147.4747474747475,149.4949494949495,151.51515151515153,153.53535353535355,153.53535353535355,155.55555555555557,157.5757575757576,159.5959595959596,161.61616161616163,161.61616161616163,163.63636363636365,165.65656565656568,167.6767676767677,169.69696969696972,169.69696969696972,171.71717171717174,173.73737373737376
199.0909090909091,0.0,0.0,0.0,0.0,0.0,0.0,0.0,0.0,0.0,0.0,0.0,0.0,0.0,0.0,0.0,0.0,0.0,0.0,0.0,0.0,0.0,0.0,0.0,0.0,0.0,32.323232323232325,38.38383838383839,42.42424242424243,46.46464646464647,50.505050505050505,52.525252525252526,54.54545454545455,58.58585858585859,60.60606060606061,62.62626262626263,64.64646464646465,66.66666666666667,68.68686868686869,70.70707070707071,72.72727272727273,74.74747474747475,76.76767676767678,78.7878787878788,80.80808080808082,82.82828282828284,84.84848484848486,86.86868686868688,88.8888888888889,90.90909090909092,92.92929292929294,94.94949494949496,94.94949494949496,96.96969696969697,98.98989898989899,101.01010101010101,103.03030303030303,105.05050505050505,107.07070707070707,107.07070707070707,109.0909090909091,111.11111111111111,113.13131313131314,115.15151515151516,117.17171717171718,117.17171717171718,119.1919191919192,121.21212121212122,123.23232323232324,125.25252525252526,125.25252525252526,127.27272727272728,129.2929292929293,131.31313131313132,133.33333333333334,135.35353535353536,135.35353535353536,137.37373737373738,139.3939393939394,141.41414141414143,143.43434343434345,143.43434343434345,145.45454545454547,147.4747474747475,149.4949494949495,151.51515151515153,151.51515151515153,153.53535353535355,155.55555555555557,157.5757575757576,159.5959595959596,159.5959595959596,161.61616161616163,163.63636363636365,165.65656565656568,165.65656565656568,167.6767676767677,169.69696969696972,171.71717171717174,173.73737373737376,173.73737373737376
199.19191919191917,0.0,0.0,0.0,0.0,0.0,0.0,0.0,0.0,0.0,0.0,0.0,0.0,0.0,0.0,0.0,0.0,0.0,0.0,0.0,0.0,0.0,0.0,0.0,0.0,32.323232323232325,38.38383838383839,42.42424242424243,46.46464646464647,50.505050505050505,52.525252525252526,54.54545454545455,58.58585858585859,60.60606060606061,62.62626262626263,64.64646464646465,66.66666666666667,68.68686868686869,70.70707070707071,72.72727272727273,74.74747474747475,76.76767676767678,78.7878787878788,80.80808080808082,82.82828282828284,84.84848484848486,86.86868686868688,88.8888888888889,90.90909090909092,90.90909090909092,92.92929292929294,94.94949494949496,96.96969696969697,98.98989898989899,101.01010101010101,103.03030303030303,105.05050505050505,105.05050505050505,107.07070707070707,109.0909090909091,111.11111111111111,113.13131313131314,115.15151515151516,115.15151515151516,117.17171717171718,119.1919191919192,121.21212121212122,123.23232323232324,123.23232323232324,125.25252525252526,127.27272727272728,129.2929292929293,131.31313131313132,131.31313131313132,133.33333333333334,135.35353535353536,137.37373737373738,139.3939393939394,139.3939393939394,141.41414141414143,143.43434343434345,145.45454545454547,147.4747474747475,147.4747474747475,149.4949494949495,151.51515151515153,153.53535353535355,155.55555555555557,155.55555555555557,157.5757575757576,159.5959595959596,161.61616161616163,163.63636363636365,163.63636363636365,165.65656565656568,167.6767676767677,169.69696969696972,171.71717171717174,171.71717171717174,173.73737373737376,175.75757575757578
199.2929292929293,0.0,0.0,0.0,0.0,0.0,0.0,0.0,0.0,0.0,0.0,0.0,0.0,0.0,0.0,0.0,0.0,0.0,0.0,0.0,0.0,0.0,0.0,0.0,32.323232323232325,38.38383838383839,42.42424242424243,46.46464646464647,48.484848484848484,52.525252525252526,54.54545454545455,56.56565656565657,60.60606060606061,62.62626262626263,64.64646464646465,66.66666666666667,68.68686868686869,70.70707070707071,72.72727272727273,74.74747474747475,76.76767676767678,78.7878787878788,80.80808080808082,82.82828282828284,84.84848484848486,86.86868686868688,88.8888888888889,88.8888888888889,90.90909090909092,92.92929292929294,94.94949494949496,96.96969696969697,98.98989898989899,101.01010101010101,101.01010101010101,103.03030303030303,105.05050505050505,107.07070707070707,109.0909090909091,111.11111111111111,111.11111111111111,113.13131313131314,115.15151515151516,117.17171717171718,119.1919191919192,121.21212121212122,121.21212121212122,123.23232323232324,125.25252525252526,127.27272727272728,129.2929292929293,129.2929292929293,131.31313131313132,133.33333333333334,135.35353535353536,137.37373737373738,137.37373737373738,139.3939393939394,141.41414141414143,143.43434343434345,145.45454545454547,145.45454545454547,147.4747474747475,149.4949494949495,151.51515151515153,153.53535353535355,153.53535353535355,155.55555555555557,157.5757575757576,159.5959595959596,161.61616161616163,161.61616161616163,163.63636363636365,165.65656565656568,167.6767676767677,169.69696969696972,169.69696969696972,171.71717171717174,173.73737373737376,175.75757575757578,175.75757575757578
199.39393939393938,0.0,0.0,0.0,0.0,0.0,0.0,0.0,0.0,0.0,0.0,0.0,0.0,0.0,0.0,0.0,0.0,0.0,0.0,0.0,0.0,0.0,0.0,32.323232323232325,38.38383838383839,42.42424242424243,46.46464646464647,48.484848484848484,52.525252525252526,54.54545454545455,56.56565656565657,60.60606060606061,62.62626262626263,64.64646464646465,66.66666666666667,68.68686868686869,70.70707070707071,72.72727272727273,74.74747474747475,76.76767676767678,78.7878787878788,80.80808080808082,82.82828282828284,84.84848484848486,84.84848484848486,86.86868686868688,88.8888888888889,90.90909090909092,92.92929292929294,94.94949494949496,96.96969696969697,98.98989898989899,98.98989898989899,101.01010101010101,103.03030303030303,105.05050505050505,107.07070707070707,109.0909090909091,109.0909090909091,111.11111111111111,113.13131313131314,115.15151515151516,117.17171717171718,117.17171717171718,119.1919191919192,121.21212121212122,123.23232323232324,125.25252525252526,127.27272727272728,127.27272727272728,129.2929292929293,131.31313131313132,133.33333333333334,135.35353535353536,135.35353535353536,137.37373737373738,139.3939393939394,141.41414141414143,143.43434343434345,143.43434343434345,145.45454545454547,147.4747474747475,149.4949494949495,151.51515151515153,151.51515151515153,153.53535353535355,155.55555555555557,157.5757575757576,157.5757575757576,159.5959595959596,161.61616161616163,163.63636363636365,165.65656565656568,165.65656565656568,167.6767676767677,169.69696969696972,171.71717171717174,173.73737373737376,173.73737373737376,175.75757575757578,177.7777777777778
199.49494949494948,0.0,0.0,0.0,0.0,0.0,0.0,0.0,0.0,0.0,0.0,0.0,0.0,0.0,0.0,0.0,0.0,0.0,0.0,0.0,0.0,14.141414141414142,32.323232323232325,38.38383838383839,42.42424242424243,46.46464646464647,48.484848484848484,52.525252525252526,54.54545454545455,56.56565656565657,58.58585858585859,62.62626262626263,64.64646464646465,66.66666666666667,68.68686868686869,70.70707070707071,72.72727272727273,74.74747474747475,76.76767676767678,78.7878787878788,80.80808080808082,80.80808080808082,82.82828282828284,84.84848484848486,86.86868686868688,88.8888888888889,90.90909090909092,92.92929292929294,94.94949494949496,94.94949494949496,96.96969696969697,98.98989898989899,101.01010101010101,103.03030303030303,105.05050505050505,107.07070707070707,107.07070707070707,109.0909090909091,111.11111111111111,113.13131313131314,115.15151515151516,115.15151515151516,117.17171717171718,119.1919191919192,121.21212121212122,123.23232323232324,123.23232323232324,125.25252525252526,127.27272727272728,129.2929292929293,131.31313131313132,131.31313131313132,133.33333333333334,135.35353535353536,137.37373737373738,139.3939393939394,139.3939393939394,141.41414141414143,143.43434343434345,145.45454545454547,147.4747474747475,147.4747474747475,149.4949494949495,151.51515151515153,153.53535353535355,155.55555555555557,155.55555555555557,157.5757575757576,159.5959595959596,161.61616161616163,163.63636363636365,163.63636363636365,165.65656565656568,167.6767676767677,169.69696969696972,171.71717171717174,171.71717171717174,173.73737373737376,175.75757575757578,177.7777777777778,177.7777777777778
199.5959595959596,0.0,0.0,0.0,0.0,0.0,0.0,0.0,0.0,0.0,0.0,0.0,0.0,0.0,0.0,0.0,0.0,0.0,0.0,0.0,22.222222222222225,32.323232323232325,38.38383838383839,42.42424242424243,46.46464646464647,48.484848484848484,52.525252525252526,54.54545454545455,56.56565656565657,58.58585858585859,60.60606060606061,64.64646464646465,66.66666666666667,68.68686868686869,70.70707070707071,72.72727272727273,74.74747474747475,76.76767676767678,76.76767676767678,78.7878787878788,80.80808080808082,82.82828282828284,84.84848484848486,86.86868686868688,88.8888888888889,90.90909090909092,92.92929292929294,92.92929292929294,94.94949494949496,96.96969696969697,98.98989898989899,101.01010101010101,103.03030303030303,103.03030303030303,105.05050505050505,107.07070707070707,109.0909090909091,111.11111111111111,113.13131313131314,113.13131313131314,115.15151515151516,117.17171717171718,119.1919191919192,121.21212121212122,121.21212121212122,123.23232323232324,125.25252525252526,127.27272727272728,129.2929292929293,129.2929292929293,131.31313131313132,133.33333333333334,135.35353535353536,137.37373737373738,137.37373737373738,139.3939393939394,141.41414141414143,143.43434343434345,145.45454545454547,145.45454545454547,147.4747474747475,149.4949494949495,151.51515151515153,153.53535353535355,153.53535353535355,155.55555555555557,157.5757575757576,159.5959595959596,159.5959595959596,161.61616161616163,163.63636363636365,165.65656565656568,167.6767676767677,167.6767676767677,169.69696969696972,171.71717171717174,173.73737373737376,175.75757575757578,175.75757575757578,177.7777777777778,179.79797979797982
199.6969696969697,0.0,0.0,0.0,0.0,0.0,0.0,0.0,0.0,0.0,0.0,0.0,0.0,0.0,0.0,0.0,0.0,0.0,0.0,24.242424242424242,34.343434343434346,38.38383838383839,42.42424242424243,46.46464646464647,48.484848484848484,52.525252525252526,54.54545454545455,56.56565656565657,58.58585858585859,60.60606060606061,62.62626262626263,64.64646464646465,66.66666666666667,68.68686868686869,70.70707070707071,72.72727272727273,74.74747474747475,76.76767676767678,78.7878787878788,80.80808080808082,82.82828282828284,84.84848484848486,86.86868686868688,88.8888888888889,90.90909090909092,90.90909090909092,92.92929292929294,94.94949494949496,96.96969696969697,98.98989898989899,101.01010101010101,101.01010101010101,103.03030303030303,105.05050505050505,107.07070707070707,109.0909090909091,111.11111111111111,111.11111111111111,113.13131313131314,115.15151515151516,117.17171717171718,119.1919191919192,119.1919191919192,121.21212121212122,123.23232323232324,125.25252525252526,127.27272727272728,127.27272727272728,129.2929292929293,131.31313131313132,133.33333333333334,135.35353535353536,135.35353535353536,137.37373737373738,139.3939393939394,141.41414141414143,143.43434343434345,143.43434343434345,145.45454545454547,147.4747474747475,149.4949494949495,149.4949494949495,151.51515151515153,153.53535353535355,155.55555555555557,157.5757575757576,157.5757575757576,159.5959595959596,161.61616161616163,163.63636363636365,165.65656565656568,165.65656565656568,167.6767676767677,169.69696969696972,171.71717171717174,173.73737373737376,173.73737373737376,175.75757575757578,177.7777777777778,179.79797979797982,179.79797979797982
199.7979797979798,0.0,0.0,0.0,0.0,0.0,0.0,0.0,0.0,0.0,0.0,0.0,0.0,0.0,0.0,0.0,0.0,0.0,24.242424242424242,34.343434343434346,38.38383838383839,42.42424242424243,46.46464646464647,48.484848484848484,50.505050505050505,54.54545454545455,56.56565656565657,58.58585858585859,60.60606060606061,62.62626262626263,64.64646464646465,66.66666666666667,68.68686868686869,70.70707070707071,72.72727272727273,74.74747474747475,76.76767676767678,78.7878787878788,80.80808080808082,82.82828282828284,84.84848484848486,86.86868686868688,86.86868686868688,88.8888888888889,90.90909090909092,92.92929292929294,94.94949494949496,96.96969696969697,98.98989898989899,98.98989898989899,101.01010101010101,103.03030303030303,105.05050505050505,107.07070707070707,107.07070707070707,109.0909090909091,111.11111111111111,113.13131313131314,115.15151515151516,117.17171717171718,117.17171717171718,119.1919191919192,121.21212121212122,123.23232323232324,125.25252525252526,125.25252525252526,127.27272727272728,129.2929292929293,131.31313131313132,133.33333333333334,133.33333333333334,135.35353535353536,137.37373737373738,139.3939393939394,139.3939393939394,141.41414141414143,143.43434343434345,145.45454545454547,147.4747474747475,147.4747474747475,149.4949494949495,151.51515151515153,153.53535353535355,155.55555555555557,155.55555555555557,157.5757575757576,159.5959595959596,161.61616161616163,163.63636363636365,163.63636363636365,165.65656565656568,167.6767676767677,169.69696969696972,169.69696969696972,171.71717171717174,173.73737373737376,175.75757575757578,177.7777777777778,177.7777777777778,179.79797979797982,181.81818181818184
199.89898989898987,0.0,0.0,0.0,0.0,0.0,0.0,0.0,0.0,0.0,0.0,0.0,0.0,0.0,0.0,0.0,0.0,26.262626262626263,34.343434343434346,38.38383838383839,42.42424242424243,46.46464646464647,48.484848484848484,50.505050505050505,54.54545454545455,56.56565656565657,58.58585858585859,60.60606060606061,62.62626262626263,64.64646464646465,66.66666666666667,68.68686868686869,70.70707070707071,72.72727272727273,74.74747474747475,76.76767676767678,78.7878787878788,80.80808080808082,82.82828282828284,84.84848484848486,84.84848484848486,86.86868686868688,88.8888888888889,90.90909090909092,92.92929292929294,94.94949494949496,96.96969696969697,96.96969696969697,98.98989898989899,101.01010101010101,103.03030303030303,105.05050505050505,105.05050505050505,107.07070707070707,109.0909090909091,111.11111111111111,113.13131313131314,113.13131313131314,115.15151515151516,117.17171717171718,119.1919191919192,121.21212121212122,121.21212121212122,123.23232323232324,125.25252525252526,127.27272727272728,129.2929292929293,129.2929292929293,131.31313131313132,133.33333333333334,135.35353535353536,137.37373737373738,137.37373737373738,139.3939393939394,141.41414141414143,143.43434343434345,145.45454545454547,145.45454545454547,147.4747474747475,149.4949494949495,151.51515151515153,153.53535353535355,153.53535353535355,155.55555555555557,157.5757575757576,159.5959595959596,159.5959595959596,161.61616161616163,163.63636363636365,165.65656565656568,167.6767676767677,167.6767676767677,169.69696969696972,171.71717171717174,173.73737373737376,175.75757575757578,175.75757575757578,177.7777777777778,179.79797979797982,181.81818181818184,181.81818181818184
200.0,0.0,0.0,0.0,0.0,0.0,0.0,0.0,0.0,0.0,0.0,0.0,0.0,0.0,0.0,0.0,26.262626262626263,34.343434343434346,38.38383838383839,42.42424242424243,46.46464646464647,48.484848484848484,50.505050505050505,54.54545454545455,56.56565656565657,58.58585858585859,60.60606060606061,62.62626262626263,64.64646464646465,66.66666666666667,68.68686868686869,70.70707070707071,72.72727272727273,74.74747474747475,76.76767676767678,78.7878787878788,80.80808080808082,80.80808080808082,82.82828282828284,84.84848484848486,86.86868686868688,88.8888888888889,90.90909090909092,92.92929292929294,92.92929292929294,94.94949494949496,96.96969696969697,98.98989898989899,101.01010101010101,103.03030303030303,103.03030303030303,105.05050505050505,107.07070707070707,109.0909090909091,111.11111111111111,111.11111111111111,113.13131313131314,115.15151515151516,117.17171717171718,119.1919191919192,119.1919191919192,121.21212121212122,123.23232323232324,125.25252525252526,127.27272727272728,127.27272727272728,129.2929292929293,131.31313131313132,133.33333333333334,135.35353535353536,135.35353535353536,137.37373737373738,139.3939393939394,141.41414141414143,143.43434343434345,143.43434343434345,145.45454545454547,147.4747474747475,149.4949494949495,149.4949494949495,151.51515151515153,153.53535353535355,155.55555555555557,157.5757575757576,157.5757575757576,159.5959595959596,161.61616161616163,163.63636363636365,163.63636363636365,165.65656565656568,167.6767676767677,169.69696969696972,171.71717171717174,171.71717171717174,173.73737373737376,175.75757575757578,177.7777777777778,179.79797979797982,179.79797979797982,181.81818181818184,183.83838383838386
